"","년도","회차","추첨일","1등 당첨자수","1등 당첨금액","2등 당첨자수","2등 당첨금액","1번","2번","3번","4번","5번","6번","보너스"
"1",2023,1052,"2023.01.28",11,2341682762,108,"39,750,788원",5,17,26,27,35,38,1
"2",NA,1051,"2023.01.21",18,1669558480,70,"71,552,507원",21,26,30,32,33,35,44
"3",NA,1050,"2023.01.14",17,1535083280,70,"62,134,324원",6,12,31,35,38,43,17
"4",NA,1049,"2023.01.07",15,1727810100,89,"48,533,992원",3,5,13,20,21,37,17
"5",2022,1048,"2022.12.31",17,1612494508,102,"44,791,515원",6,12,17,21,32,39,30
"6",NA,1047,"2022.12.24",9,2748797875,83,"49,677,071원",2,20,33,40,42,44,32
"7",NA,1046,"2022.12.17",12,2011415719,57,"70,575,991원",7,16,25,29,35,36,28
"8",NA,1045,"2022.12.10",13,1990060443,67,"64,355,189원",6,14,15,19,21,41,37
"9",NA,1044,"2022.12.03",8,3136941235,72,"58,091,505원",12,17,20,26,28,36,4
"10",NA,1043,"2022.11.26",17,1468646956,86,"48,385,656원",3,5,12,22,26,31,19
"11",NA,1042,"2022.11.19",20,1240663669,100,"41,355,456원",5,14,15,23,34,43,4
"12",NA,1041,"2022.11.12",25,935091165,85,"45,837,803원",6,7,9,11,17,18,45
"13",NA,1040,"2022.11.05",7,3660482625,63,"67,786,716원",8,16,26,29,31,36,11
"14",NA,1039,"2022.10.29",16,1585019672,80,"52,833,990원",2,3,6,19,36,39,26
"15",NA,1038,"2022.10.22",15,1627457225,77,"52,839,521원",7,16,24,27,37,44,2
"16",NA,1037,"2022.10.15",15,1708576825,78,"54,762,078원",2,14,15,22,27,33,31
"17",NA,1036,"2022.10.08",9,2837323167,64,"66,499,762원",2,5,22,32,34,45,39
"18",NA,1035,"2022.10.01",8,3231193735,71,"60,679,695원",9,14,34,35,41,42,2
"19",NA,1034,"2022.09.24",9,2868856209,66,"65,201,278원",26,31,32,33,38,40,11
"20",NA,1033,"2022.09.17",13,1913414943,79,"52,477,625원",3,11,15,20,35,44,10
"21",NA,1032,"2022.09.10",10,2675257538,90,"49,541,807원",1,6,12,19,36,42,28
"22",NA,1031,"2022.09.03",8,3213957563,64,"66,957,450원",6,7,22,32,35,36,19
"23",NA,1030,"2022.08.27",19,1276406507,104,"38,864,942원",2,5,11,17,24,29,9
"24",NA,1029,"2022.08.20",10,2527848450,62,"67,952,916원",12,30,32,37,39,41,24
"25",NA,1028,"2022.08.13",20,1181235132,91,"43,268,687원",5,7,12,13,18,35,23
"26",NA,1027,"2022.08.06",10,2460504338,83,"49,407,718원",14,16,27,35,39,45,5
"27",NA,1026,"2022.07.30",15,1619118475,76,"53,260,477원",5,12,13,31,32,41,34
"28",NA,1025,"2022.07.23",4,6118853344,69,"59,119,356원",8,9,20,25,29,33,7
"29",NA,1024,"2022.07.16",8,3020323500,63,"63,922,191원",9,18,20,22,38,44,10
"30",NA,1023,"2022.07.09",9,2745677875,72,"57,201,623원",10,14,16,18,29,35,25
"31",NA,1022,"2022.07.02",5,4866468075,63,"64,371,271원",5,6,11,29,42,45,28
"32",NA,1021,"2022.06.25",12,2108962250,56,"75,320,081원",12,15,17,24,29,45,16
"33",NA,1020,"2022.06.18",13,1966431520,77,"55,332,489원",12,27,29,38,41,45,6
"34",NA,1019,"2022.06.11",50,438565140,75,"48,729,460원",1,4,13,17,34,39,6
"35",NA,1018,"2022.06.04",2,12361744688,62,"66,460,993원",3,19,21,25,37,45,35
"36",NA,1017,"2022.05.28",7,3517684822,70,"58,628,081원",12,18,22,23,30,34,32
"37",NA,1016,"2022.05.21",11,2260660671,68,"60,949,185원",15,26,28,34,41,42,44
"38",NA,1015,"2022.05.14",8,3051105610,102,"39,883,734원",14,23,31,33,37,40,44
"39",NA,1014,"2022.05.07",10,2410449338,69,"58,223,414원",3,11,14,18,26,27,21
"40",NA,1013,"2022.04.30",5,5047570725,79,"53,244,417원",21,22,26,34,36,41,32
"41",NA,1012,"2022.04.23",13,1861944318,76,"53,081,746원",5,11,18,20,35,45,3
"42",NA,1011,"2022.04.16",11,2220348512,76,"53,561,039원",1,9,12,26,35,38,42
"43",NA,1010,"2022.04.09",8,3119380079,66,"63,017,780원",9,12,15,25,34,36,3
"44",NA,1009,"2022.04.02",15,1702462825,69,"61,683,436원",15,23,29,34,40,44,20
"45",NA,1008,"2022.03.26",11,2267377910,97,"42,854,222원",9,11,30,31,41,44,33
"46",NA,1007,"2022.03.19",9,2718786375,70,"58,259,709원",8,11,16,19,21,25,40
"47",NA,1006,"2022.03.12",9,2855602125,65,"65,898,511원",8,11,15,16,17,37,36
"48",NA,1005,"2022.03.05",12,2061199344,84,"49,076,175원",8,13,18,24,27,29,17
"49",NA,1004,"2022.02.26",10,2576251913,68,"63,143,430원",7,15,30,37,39,44,18
"50",NA,1003,"2022.02.19",14,1811116822,66,"64,029,383원",1,4,29,39,43,45,31
"51",NA,1002,"2022.02.12",8,3088449563,85,"48,446,268원",17,25,33,35,38,45,15
"52",NA,1001,"2022.02.05",12,2077279594,66,"62,947,867원",6,10,12,14,20,42,15
"53",NA,1000,"2022.01.29",22,1246819620,109,"41,941,945원",2,8,19,22,32,42,39
"54",NA,999,"2022.01.22",16,1513274790,67,"60,229,843원",1,3,9,14,18,28,34
"55",NA,998,"2022.01.15",12,2076499657,53,"78,358,478원",13,17,18,20,42,45,41
"56",NA,997,"2022.01.08",19,1253749560,85,"46,708,317원",4,7,14,16,24,44,20
"57",NA,996,"2022.01.01",18,1491185771,86,"52,018,109원",6,11,15,24,32,39,28
"58",2021,995,"2021.12.25",7,3447271875,69,"58,287,206원",1,4,13,29,38,39,7
"59",NA,994,"2021.12.18",12,1861582063,70,"53,188,059원",1,3,8,24,27,35,28
"60",NA,993,"2021.12.11",6,3991197063,70,"57,017,101원",6,14,16,18,24,42,44
"61",NA,992,"2021.12.04",12,1986955563,58,"68,515,710원",12,20,26,33,44,45,24
"62",NA,991,"2021.11.27",8,2904166032,110,"35,202,013원",13,18,25,31,33,44,38
"63",NA,990,"2021.11.20",14,1740095277,56,"72,503,970원",2,4,25,26,36,37,28
"64",NA,989,"2021.11.13",4,5826768563,63,"61,658,927원",17,18,21,27,29,33,26
"65",NA,988,"2021.11.06",9,2678489375,61,"65,864,493원",2,13,20,30,31,41,27
"66",NA,987,"2021.10.30",10,2378711625,73,"54,308,485원",2,4,15,23,29,38,7
"67",NA,986,"2021.10.23",10,2375275125,70,"56,554,170원",7,10,16,28,41,42,40
"68",NA,985,"2021.10.16",10,2434752975,62,"65,450,349원",17,21,23,30,34,44,19
"69",NA,984,"2021.10.09",7,3453006268,64,"62,945,427원",3,10,23,35,36,37,18
"70",NA,983,"2021.10.02",10,2503422225,78,"53,491,928원",13,23,26,31,35,43,15
"71",NA,982,"2021.09.25",8,3023630672,81,"49,771,699원",5,7,13,20,21,44,33
"72",NA,981,"2021.09.18",13,1992863193,65,"66,428,774원",27,36,37,41,43,45,32
"73",NA,980,"2021.09.11",7,3409443215,70,"56,824,054원",3,13,16,23,24,35,14
"74",NA,979,"2021.09.04",14,1606400518,79,"47,446,429원",7,11,16,21,27,33,24
"75",NA,978,"2021.08.28",10,2373391388,70,"56,509,319원",1,7,15,32,34,42,8
"76",NA,977,"2021.08.21",14,1669905911,82,"47,517,648원",2,9,10,14,22,44,16
"77",NA,976,"2021.08.14",7,3243867215,69,"54,847,997원",4,12,14,25,35,37,2
"78",NA,975,"2021.08.07",9,2440410375,61,"60,010,092원",7,8,9,17,22,24,5
"79",NA,974,"2021.07.31",17,1317034523,66,"56,539,361원",1,2,11,16,39,44,32
"80",NA,973,"2021.07.24",8,2912742750,42,"92,468,024원",22,26,31,37,41,42,24
"81",NA,972,"2021.07.17",20,1124886244,80,"46,870,261원",3,6,17,23,37,39,26
"82",NA,971,"2021.07.10",6,3725880250,62,"60,094,843원",2,6,17,18,21,26,7
"83",NA,970,"2021.07.03",14,1611544045,87,"43,221,488원",9,11,16,21,28,36,5
"84",NA,969,"2021.06.26",20,1149427894,56,"68,418,328원",3,9,10,29,40,45,7
"85",NA,968,"2021.06.19",13,1667729683,97,"37,251,694원",2,5,12,14,24,39,33
"86",NA,967,"2021.06.12",4,5809776094,69,"56,133,103원",1,6,13,37,38,40,9
"87",NA,966,"2021.06.05",10,2411303513,50,"80,376,784원",1,21,25,29,34,37,36
"88",NA,965,"2021.05.29",7,3403348929,46,"86,316,821원",2,13,25,28,29,36,34
"89",NA,964,"2021.05.22",10,2345861063,52,"75,187,855원",6,21,36,38,39,43,30
"90",NA,963,"2021.05.15",15,1476478125,68,"54,282,285원",6,12,19,23,34,42,35
"91",NA,962,"2021.05.08",12,1940906094,73,"53,175,510원",1,18,28,31,34,43,40
"92",NA,961,"2021.05.01",9,2575231209,73,"52,915,710원",11,20,29,31,33,42,43
"93",NA,960,"2021.04.24",10,2401133213,56,"71,462,298원",2,18,24,30,32,45,14
"94",NA,959,"2021.04.17",8,3015312891,75,"53,605,563원",1,14,15,24,40,41,35
"95",NA,958,"2021.04.10",15,1596119675,67,"59,556,705원",2,9,10,16,35,37,1
"96",NA,957,"2021.04.03",11,2126634137,61,"63,915,234원",4,15,24,35,36,40,1
"97",NA,956,"2021.03.27",11,2022982671,136,"27,270,600원",10,11,20,21,25,41,40
"98",NA,955,"2021.03.20",12,2023170188,71,"56,990,710원",4,9,23,26,29,33,8
"99",NA,954,"2021.03.13",10,2478795900,64,"64,551,977원",1,9,26,28,30,41,32
"100",NA,953,"2021.03.06",14,1640636009,102,"37,530,890원",7,9,22,27,37,42,34
"101",NA,952,"2021.02.27",9,2713699834,93,"43,769,353원",4,12,22,24,33,41,38
"102",NA,951,"2021.02.20",14,1747552661,72,"56,633,652원",2,12,30,31,39,43,38
"103",NA,950,"2021.02.13",8,3281920500,67,"65,311,851원",3,4,15,22,28,40,10
"104",NA,949,"2021.02.06",10,2458569713,65,"63,040,250원",14,21,35,36,40,44,30
"105",NA,948,"2021.01.30",11,2188548716,90,"44,581,548원",13,18,30,31,38,41,5
"106",NA,947,"2021.01.23",18,1275855750,58,"65,992,539원",3,8,17,20,27,35,26
"107",NA,946,"2021.01.16",11,2157656182,71,"55,714,127원",9,18,19,30,34,40,20
"108",NA,945,"2021.01.09",13,1765554491,71,"53,878,424원",9,10,15,30,33,37,26
"109",NA,944,"2021.01.02",13,1961836356,79,"53,805,639원",2,13,16,19,32,33,42
"110",2020,943,"2020.12.26",7,3435045108,74,"54,156,117원",1,8,13,36,44,45,39
"111",NA,942,"2020.12.19",6,3761680313,52,"72,340,007원",10,12,18,35,42,43,39
"112",NA,941,"2020.12.12",16,1347297422,87,"41,296,473원",12,14,25,27,39,40,35
"113",NA,940,"2020.12.05",8,2846071079,51,"74,407,088원",3,15,20,22,24,41,11
"114",NA,939,"2020.11.28",13,1708363039,67,"55,245,571원",4,11,28,39,42,45,6
"115",NA,938,"2020.11.21",10,2249466563,64,"58,579,859원",4,8,10,16,31,36,9
"116",NA,937,"2020.11.14",11,2058420819,57,"66,206,518원",2,10,13,22,29,40,26
"117",NA,936,"2020.11.07",14,1492069179,77,"45,214,218원",7,11,13,17,18,29,43
"118",NA,935,"2020.10.31",13,1711055424,120,"30,894,057원",4,10,20,32,38,44,18
"119",NA,934,"2020.10.24",4,5765772844,66,"58,240,130원",1,3,30,33,36,39,12
"120",NA,933,"2020.10.17",8,2927797079,63,"61,963,960원",23,27,29,31,36,45,37
"121",NA,932,"2020.10.10",7,3390022983,64,"61,797,294원",1,6,15,36,37,38,5
"122",NA,931,"2020.10.03",8,2957108063,54,"73,015,014원",14,15,23,25,35,43,32
"123",NA,930,"2020.09.26",8,2832418829,55,"68,664,699원",8,21,25,38,39,44,28
"124",NA,929,"2020.09.19",16,1308035157,91,"38,330,701원",7,9,12,15,19,23,4
"125",NA,928,"2020.09.12",7,3134591358,81,"45,148,436원",3,4,10,20,28,44,30
"126",NA,927,"2020.09.05",6,3714203875,63,"58,955,618원",4,15,22,38,41,43,26
"127",NA,926,"2020.08.29",10,2032490663,72,"47,048,395원",10,16,18,20,25,31,6
"128",NA,925,"2020.08.22",12,1771080532,68,"52,090,604원",13,24,32,34,39,42,4
"129",NA,924,"2020.08.15",9,2382430667,69,"51,791,972원",3,11,34,42,43,44,13
"130",NA,923,"2020.08.08",8,2667554625,56,"63,513,206원",3,17,18,23,36,41,26
"131",NA,922,"2020.08.01",6,3417904500,89,"38,403,422원",2,6,13,17,27,43,36
"132",NA,921,"2020.07.25",17,1232573405,72,"48,504,047원",5,7,12,22,28,41,1
"133",NA,920,"2020.07.18",7,3120260197,53,"68,684,973원",2,3,26,33,34,43,29
"134",NA,919,"2020.07.11",5,4305150450,56,"64,064,739원",9,14,17,18,42,44,35
"135",NA,918,"2020.07.04",18,1117622646,86,"38,986,837원",7,11,12,31,33,38,5
"136",NA,917,"2020.06.27",10,2144799638,47,"76,056,725원",1,3,23,24,27,43,34
"137",NA,916,"2020.06.20",11,2025384341,70,"53,045,781원",6,21,22,32,35,36,17
"138",NA,915,"2020.06.13",6,3518640500,63,"55,851,437원",2,6,11,13,22,37,14
"139",NA,914,"2020.06.06",11,1950005557,55,"65,000,186원",16,19,24,33,42,44,27
"140",NA,913,"2020.05.30",16,1338755602,66,"54,091,136원",6,14,16,21,27,37,40
"141",NA,912,"2020.05.23",14,1493500581,70,"49,783,353원",5,8,18,21,22,38,10
"142",NA,911,"2020.05.16",10,2113538625,58,"60,733,869원",4,5,12,14,32,42,35
"143",NA,910,"2020.05.09",21,941316375,72,"45,758,435원",1,11,17,27,35,39,31
"144",NA,909,"2020.05.02",11,2021062875,63,"58,814,000원",7,24,29,30,34,35,33
"145",NA,908,"2020.04.25",8,2834856141,57,"66,312,425원",3,16,21,22,23,44,30
"146",NA,907,"2020.04.18",7,3165059036,67,"55,112,969원",21,27,29,38,40,44,37
"147",NA,906,"2020.04.11",9,2472607250,63,"58,871,602원",2,5,14,28,31,32,20
"148",NA,905,"2020.04.04",7,3017862536,77,"45,725,190원",3,4,16,27,38,40,20
"149",NA,904,"2020.03.28",8,2718077813,92,"39,392,433원",2,6,8,26,43,45,11
"150",NA,903,"2020.03.21",13,1684582212,49,"74,488,330원",2,15,16,21,22,28,45
"151",NA,902,"2020.03.14",13,1619317529,67,"52,365,990원",7,19,23,24,36,39,30
"152",NA,901,"2020.03.07",9,2267974667,67,"50,775,553원",5,18,20,23,30,34,21
"153",NA,900,"2020.02.29",6,3349851375,51,"65,683,361원",7,13,16,18,35,38,14
"154",NA,899,"2020.02.22",6,3359356063,53,"63,384,077원",8,19,20,21,33,39,37
"155",NA,898,"2020.02.15",8,2639313235,56,"62,840,792원",18,21,28,35,37,42,17
"156",NA,897,"2020.02.08",13,1619922520,62,"56,610,196원",6,7,12,22,26,36,29
"157",NA,896,"2020.02.01",7,3053222036,46,"77,436,791원",5,12,25,26,38,45,23
"158",NA,895,"2020.01.25",12,1928079219,58,"66,485,491원",16,26,31,38,39,41,23
"159",NA,894,"2020.01.18",9,2377935959,56,"63,694,714원",19,32,37,40,41,43,45
"160",NA,893,"2020.01.11",9,2377433625,58,"61,485,353원",1,15,17,23,25,41,10
"161",NA,892,"2020.01.04",17,1282017464,78,"46,569,011원",4,9,17,18,26,42,36
"162",2019,891,"2019.12.28",7,3082673947,77,"46,707,182원",9,13,28,31,39,41,19
"163",NA,890,"2019.12.21",9,2335486167,58,"60,400,505원",1,4,14,18,29,37,6
"164",NA,889,"2019.12.14",10,2108986950,60,"58,582,971원",3,13,29,38,39,42,26
"165",NA,888,"2019.12.07",8,2370359204,59,"53,567,440원",3,7,12,31,34,38,32
"166",NA,887,"2019.11.30",8,2535268688,66,"51,217,550원",8,14,17,27,36,45,10
"167",NA,886,"2019.11.23",7,2974643786,59,"58,820,640원",19,23,28,37,42,45,2
"168",NA,885,"2019.11.16",13,1543832568,56,"59,731,618원",1,3,24,27,39,45,31
"169",NA,884,"2019.11.09",12,1799077282,74,"48,623,711원",4,14,23,28,37,45,17
"170",NA,883,"2019.11.02",15,1360519525,65,"52,327,675원",9,18,32,33,37,44,22
"171",NA,882,"2019.10.26",5,4127270400,44,"78,168,000원",18,34,39,43,44,45,23
"172",NA,881,"2019.10.19",8,2503212282,67,"49,815,170원",4,18,20,26,27,32,9
"173",NA,880,"2019.10.12",7,2837810465,52,"63,668,825원",7,17,19,23,24,45,38
"174",NA,879,"2019.10.05",6,3206361313,77,"41,641,057원",1,4,10,14,15,35,20
"175",NA,878,"2019.09.28",6,3207993500,69,"46,492,660원",2,6,11,16,25,31,3
"176",NA,877,"2019.09.21",12,1716607188,75,"45,776,192원",5,17,18,22,23,43,12
"177",NA,876,"2019.09.14",19,1090657856,59,"58,538,134원",5,16,21,26,34,42,24
"178",NA,875,"2019.09.07",14,1415946724,33,"100,117,446원",19,22,30,34,39,44,36
"179",NA,874,"2019.08.31",18,1117123917,68,"49,284,879원",1,15,19,23,28,42,32
"180",NA,873,"2019.08.24",10,1874553225,68,"45,944,932원",3,5,12,13,33,39,38
"181",NA,872,"2019.08.17",16,1262705579,46,"73,200,324원",2,4,30,32,33,43,29
"182",NA,871,"2019.08.10",7,2718071358,61,"51,984,972원",2,6,12,26,30,34,38
"183",NA,870,"2019.08.03",10,1928842988,48,"66,973,715원",21,25,30,32,40,42,31
"184",NA,869,"2019.07.27",10,1922582588,56,"57,219,720원",2,6,20,27,37,39,4
"185",NA,868,"2019.07.20",6,3233804250,61,"53,013,185원",12,17,28,41,43,44,25
"186",NA,867,"2019.07.13",5,3933755250,57,"57,511,042원",14,17,19,22,24,40,41
"187",NA,866,"2019.07.06",9,2240409000,68,"49,420,787원",9,15,29,34,37,39,12
"188",NA,865,"2019.06.29",13,1551729145,52,"64,655,382원",3,15,22,32,33,45,2
"189",NA,864,"2019.06.22",11,1716553637,64,"49,172,110원",3,7,10,13,25,36,32
"190",NA,863,"2019.06.15",7,2853357322,64,"52,014,327원",16,21,28,35,39,43,12
"191",NA,862,"2019.06.08",9,2190922709,63,"52,164,827원",10,34,38,40,42,43,32
"192",NA,861,"2019.06.01",4,4872108844,65,"49,970,348원",11,17,19,21,22,25,24
"193",NA,860,"2019.05.25",10,1879899825,62,"50,534,942원",4,8,18,25,27,32,42
"194",NA,859,"2019.05.18",11,1853927489,51,"66,644,453원",8,22,35,38,39,41,24
"195",NA,858,"2019.05.11",9,2202347459,41,"80,573,688원",9,13,32,38,39,43,23
"196",NA,857,"2019.05.04",15,1284915425,62,"51,811,106원",6,10,16,28,34,38,43
"197",NA,856,"2019.04.27",5,3977927550,53,"62,546,031원",10,24,40,41,43,44,17
"198",NA,855,"2019.04.20",9,2269510500,61,"55,807,636원",8,15,17,19,43,44,7
"199",NA,854,"2019.04.13",6,3421706750,44,"77,766,063원",20,25,31,32,36,43,3
"200",NA,853,"2019.04.06",7,2885006786,90,"37,398,237원",2,8,23,26,27,44,13
"201",NA,852,"2019.03.30",4,4801543407,67,"47,776,552원",11,17,28,30,33,35,9
"202",NA,851,"2019.03.23",8,2483692313,70,"47,308,425원",14,18,22,26,31,44,40
"203",NA,850,"2019.03.16",6,3377587875,55,"61,410,689원",16,20,24,28,36,39,5
"204",NA,849,"2019.03.09",17,1158252883,56,"58,602,081원",5,13,17,29,34,39,3
"205",NA,848,"2019.03.02",7,3011580858,42,"83,655,024원",1,2,16,22,38,39,34
"206",NA,847,"2019.02.23",8,2520846657,40,"84,028,222원",12,16,26,28,30,42,22
"207",NA,846,"2019.02.16",13,1596884395,69,"50,143,713원",5,18,30,41,43,45,13
"208",NA,845,"2019.02.09",11,1891217182,56,"61,914,849원",1,16,29,33,40,45,6
"209",NA,844,"2019.02.02",18,1162963542,73,"47,793,023원",7,8,13,15,33,45,18
"210",NA,843,"2019.01.26",5,4012970100,52,"64,310,419원",19,21,30,33,34,42,4
"211",NA,842,"2019.01.19",10,2035475025,42,"80,772,819원",14,26,32,36,39,42,38
"212",NA,841,"2019.01.12",17,1116095714,88,"35,934,900원",5,11,14,30,33,38,24
"213",NA,840,"2019.01.05",10,2042961788,51,"66,763,458원",2,4,11,28,29,43,27
"214",2018,839,"2018.12.29",13,1359454904,48,"61,364,284원",3,9,11,12,13,19,35
"215",NA,838,"2018.12.22",5,3813733050,68,"46,736,925원",9,14,17,33,36,38,20
"216",NA,837,"2018.12.15",6,3144449125,47,"66,903,173원",2,25,28,30,33,45,6
"217",NA,836,"2018.12.08",14,1257843670,62,"47,338,203원",1,9,11,14,26,28,19
"218",NA,835,"2018.12.01",15,1233681125,58,"53,175,911원",9,10,13,28,38,45,35
"219",NA,834,"2018.11.24",11,1690693671,47,"65,949,044원",6,8,18,35,42,43,3
"220",NA,833,"2018.11.17",8,2356317282,53,"59,278,423원",12,18,30,39,41,42,19
"221",NA,832,"2018.11.10",9,2088204584,60,"52,205,115원",13,14,19,26,40,43,30
"222",NA,831,"2018.11.03",16,1110702258,61,"48,555,290원",3,10,16,19,31,39,9
"223",NA,830,"2018.10.27",9,2060528750,80,"38,634,915원",5,6,16,18,37,38,17
"224",NA,829,"2018.10.20",8,2444650641,45,"72,434,094원",4,5,31,35,43,45,29
"225",NA,828,"2018.10.13",13,1455185972,62,"50,853,274원",4,7,13,29,31,39,18
"226",NA,827,"2018.10.06",15,1206500375,46,"65,570,673원",5,11,12,29,33,44,14
"227",NA,826,"2018.09.29",9,2075192084,47,"66,229,535원",13,16,24,25,33,36,42
"228",NA,825,"2018.09.22",12,1658710563,53,"62,592,852원",8,15,21,31,33,38,42
"229",NA,824,"2018.09.15",15,1256646550,51,"61,600,322원",7,9,24,29,34,38,26
"230",NA,823,"2018.09.08",9,2009843917,61,"49,422,392원",12,18,24,26,39,40,15
"231",NA,822,"2018.09.01",3,5930898625,79,"37,537,334원",9,18,20,24,27,36,12
"232",NA,821,"2018.08.25",14,1316155956,55,"55,836,920원",1,12,13,24,29,44,16
"233",NA,820,"2018.08.18",4,4627313532,60,"51,414,595원",10,21,22,30,35,42,6
"234",NA,819,"2018.08.11",7,2594534840,49,"61,774,640원",16,25,33,38,40,45,15
"235",NA,818,"2018.08.04",13,1380804318,39,"76,711,351원",14,15,25,28,29,30,3
"236",NA,817,"2018.07.28",9,1868477334,54,"51,902,149원",3,9,12,13,25,43,34
"237",NA,816,"2018.07.21",8,2128107938,67,"42,350,407원",12,18,19,29,31,39,7
"238",NA,815,"2018.07.14",7,2579855358,39,"77,175,161원",17,21,25,26,27,36,4
"239",NA,814,"2018.07.07",6,3067192063,52,"58,984,463원",2,21,28,38,42,45,30
"240",NA,813,"2018.06.30",4,4591763157,43,"71,190,127원",11,30,34,35,42,44,27
"241",NA,812,"2018.06.23",6,2947954750,68,"43,352,276원",1,3,12,14,16,43,10
"242",NA,811,"2018.06.16",7,2524148197,49,"60,098,767원",8,11,19,21,36,45,25
"243",NA,810,"2018.06.09",8,2231598047,64,"46,491,626원",5,10,13,21,39,43,11
"244",NA,809,"2018.06.02",6,2921372750,56,"52,167,371원",6,11,15,17,23,40,39
"245",NA,808,"2018.05.26",6,3087620500,46,"67,122,185원",15,21,31,32,41,43,24
"246",NA,807,"2018.05.19",7,2437662322,59,"48,202,363원",6,10,18,25,34,35,33
"247",NA,806,"2018.05.12",7,2640760875,57,"54,050,662원",14,20,23,31,37,38,27
"248",NA,805,"2018.05.05",4,4266061969,53,"53,661,157원",3,12,13,18,31,32,42
"249",NA,804,"2018.04.28",11,1631996523,49,"61,061,095원",1,10,13,26,32,36,9
"250",NA,803,"2018.04.21",5,3663810225,50,"61,063,504원",5,9,14,26,30,43,2
"251",NA,802,"2018.04.14",16,1082947993,67,"43,102,408원",10,11,12,18,24,42,27
"252",NA,801,"2018.04.07",8,2256786657,51,"59,000,959원",17,25,28,37,43,44,2
"253",NA,800,"2018.03.31",11,1632246205,51,"58,675,518원",1,4,10,12,28,45,26
"254",NA,799,"2018.03.24",10,1826427225,56,"54,357,954원",12,17,23,34,42,45,33
"255",NA,798,"2018.03.17",7,2710791911,60,"52,709,843원",2,10,14,22,32,36,41
"256",NA,797,"2018.03.10",8,2397028125,34,"94,001,103원",5,22,31,32,39,45,36
"257",NA,796,"2018.03.03",7,2763490340,46,"70,088,524원",1,21,26,36,40,41,5
"258",NA,795,"2018.02.24",11,1714977000,62,"50,711,686원",3,10,13,26,34,38,36
"259",NA,794,"2018.02.17",7,2650940304,45,"68,728,082원",6,7,18,19,30,38,13
"260",NA,793,"2018.02.10",5,3750146775,61,"51,231,514원",10,15,21,35,38,43,31
"261",NA,792,"2018.02.03",7,2655736768,65,"47,667,071원",2,7,19,25,29,36,16
"262",NA,791,"2018.01.27",14,1253081893,38,"76,943,625원",2,10,12,31,33,42,32
"263",NA,790,"2018.01.20",16,1160516274,59,"52,452,713원",3,8,19,27,30,41,12
"264",NA,789,"2018.01.13",15,1140976825,70,"40,749,173원",2,6,7,12,19,45,38
"265",NA,788,"2018.01.06",13,1401475154,70,"43,378,993원",2,10,11,19,35,39,29
"266",2017,787,"2017.12.30",6,3092108313,51,"60,629,575원",5,6,13,16,27,28,9
"267",NA,786,"2017.12.23",4,4551365250,96,"31,606,704원",12,15,16,20,24,30,38
"268",NA,785,"2017.12.16",6,2886622688,55,"52,484,049원",4,6,15,25,26,33,40
"269",NA,784,"2017.12.09",9,1908678000,51,"56,137,589원",3,10,23,24,31,39,22
"270",NA,783,"2017.12.02",4,4603964625,36,"85,258,605원",14,15,16,17,38,45,36
"271",NA,782,"2017.11.25",9,1946487625,49,"59,586,356원",6,18,31,34,38,45,20
"272",NA,781,"2017.11.18",9,1882891542,52,"54,314,180원",11,16,18,19,24,39,43
"273",NA,780,"2017.11.11",11,1667520137,45,"67,936,006원",15,17,19,21,27,45,16
"274",NA,779,"2017.11.04",11,1527709296,66,"42,436,370원",6,12,19,24,34,41,4
"275",NA,778,"2017.10.28",3,6264069500,67,"46,746,788원",6,21,35,36,37,41,11
"276",NA,777,"2017.10.21",21,833468036,66,"44,199,063원",6,12,17,21,34,37,18
"277",NA,776,"2017.10.14",7,2557579393,50,"59,676,853원",8,9,18,21,28,40,20
"278",NA,775,"2017.10.07",5,3470437650,37,"78,163,011원",11,12,29,33,38,42,17
"279",NA,774,"2017.09.30",11,1709721512,60,"52,241,491원",12,15,18,28,34,42,9
"280",NA,773,"2017.09.23",11,1609403080,58,"50,871,937원",8,12,19,21,31,35,44
"281",NA,772,"2017.09.16",10,1769608838,53,"55,648,077원",5,6,11,14,21,41,32
"282",NA,771,"2017.09.09",4,4362644907,49,"59,355,714원",6,10,17,18,21,29,30
"283",NA,770,"2017.09.02",8,2163099329,75,"38,455,100원",1,9,12,23,39,43,34
"284",NA,769,"2017.08.26",9,1930760042,55,"52,657,093원",5,7,11,16,41,45,4
"285",NA,768,"2017.08.19",13,1363572260,53,"55,743,521원",7,27,29,30,38,44,4
"286",NA,767,"2017.08.12",15,1163768725,46,"63,248,301원",5,15,20,31,34,42,22
"287",NA,766,"2017.08.05",8,2173637297,41,"70,687,392원",9,30,34,35,39,41,21
"288",NA,765,"2017.07.29",15,1109214250,54,"51,352,512원",1,3,8,12,42,43,33
"289",NA,764,"2017.07.22",7,2459975465,44,"65,226,623원",7,22,24,31,34,36,15
"290",NA,763,"2017.07.15",8,2138130000,45,"63,352,000원",3,8,16,32,34,43,10
"291",NA,762,"2017.07.08",10,1631432063,53,"51,302,896원",1,3,12,21,26,41,16
"292",NA,761,"2017.07.01",7,2392730518,52,"53,683,057원",4,7,11,24,42,45,30
"293",NA,760,"2017.06.24",8,2253299391,45,"66,764,427원",10,22,27,31,42,43,12
"294",NA,759,"2017.06.17",6,3032670500,44,"68,924,330원",9,33,36,40,42,43,32
"295",NA,758,"2017.06.10",8,2078969954,63,"43,999,365원",5,9,12,30,39,43,24
"296",NA,757,"2017.06.03",21,739839858,68,"38,079,993원",6,7,11,17,33,44,1
"297",NA,756,"2017.05.27",5,3414434700,53,"53,686,081원",10,14,16,18,27,28,4
"298",NA,755,"2017.05.20",8,2214427266,54,"54,677,217원",13,14,26,28,30,36,37
"299",NA,754,"2017.05.13",5,3427542000,50,"57,125,700원",2,8,17,24,29,31,32
"300",NA,753,"2017.05.06",6,2711105063,58,"46,743,191원",2,17,19,24,37,41,3
"301",NA,752,"2017.04.29",9,1870358834,75,"37,407,177원",4,16,20,33,40,43,7
"302",NA,751,"2017.04.22",8,2097968110,69,"40,540,447원",3,4,16,20,28,44,17
"303",NA,750,"2017.04.15",7,2522104286,44,"66,873,978원",1,2,15,19,24,36,12
"304",NA,749,"2017.04.08",13,1350104395,64,"45,706,660원",12,14,24,26,34,45,41
"305",NA,748,"2017.04.01",9,1928246542,59,"49,023,218원",3,10,13,22,31,32,29
"306",NA,747,"2017.03.25",9,1903214584,59,"48,386,812원",7,9,12,14,23,28,17
"307",NA,746,"2017.03.18",9,2038623709,58,"52,723,027원",3,12,33,36,42,45,25
"308",NA,745,"2017.03.11",20,746822982,110,"22,631,000원",1,2,3,9,12,23,10
"309",NA,744,"2017.03.04",15,1155411575,61,"47,352,934원",10,15,18,21,34,41,43
"310",NA,743,"2017.02.25",7,2608641000,46,"66,161,185원",15,19,21,34,41,44,10
"311",NA,742,"2017.02.18",16,1111814813,44,"67,382,716원",8,10,13,36,37,40,6
"312",NA,741,"2017.02.11",6,3043595938,55,"55,338,108원",5,21,27,34,44,45,16
"313",NA,740,"2017.02.04",18,936929792,43,"65,367,195원",4,8,9,16,17,19,31
"314",NA,739,"2017.01.28",4,4744122282,45,"70,283,294원",7,22,29,33,34,35,30
"315",NA,738,"2017.01.21",11,1634191091,48,"62,417,021원",23,27,28,38,42,43,36
"316",NA,737,"2017.01.14",4,4283061000,48,"59,486,959원",13,15,18,24,27,41,11
"317",NA,736,"2017.01.07",5,3397362225,54,"52,428,430원",2,11,17,18,21,27,6
"318",2016,735,"2016.12.31",10,1847231588,50,"61,574,387원",5,10,13,27,37,41,4
"319",NA,734,"2016.12.24",9,1949395500,36,"81,224,813원",6,16,37,38,41,45,18
"320",NA,733,"2016.12.17",4,4016725125,57,"46,979,242원",11,24,32,33,35,40,13
"321",NA,732,"2016.12.10",7,2203270608,45,"57,121,831원",2,4,5,17,27,32,43
"322",NA,731,"2016.12.03",7,2340471054,45,"60,678,880원",2,7,13,25,42,45,39
"323",NA,730,"2016.11.26",8,2017382110,45,"59,774,285원",4,10,14,15,18,22,39
"324",NA,729,"2016.11.19",4,4198250719,35,"79,966,681원",11,17,21,26,36,45,16
"325",NA,728,"2016.11.12",5,3243464400,56,"48,265,840원",3,6,10,30,34,37,36
"326",NA,727,"2016.11.05",14,1115107742,87,"29,907,105원",7,8,10,19,21,31,20
"327",NA,726,"2016.10.29",14,1166872634,56,"48,619,694원",1,11,21,23,34,44,24
"328",NA,725,"2016.10.22",11,1579217250,47,"61,600,673원",6,7,19,21,41,43,38
"329",NA,724,"2016.10.15",12,1427789813,55,"51,919,630원",2,8,33,35,37,41,14
"330",NA,723,"2016.10.08",8,2114365360,40,"70,478,846원",20,30,33,35,36,44,22
"331",NA,722,"2016.10.01",4,4365422719,46,"63,266,996원",12,14,21,30,39,43,45
"332",NA,721,"2016.09.24",8,2273767360,40,"75,792,246원",1,28,35,41,43,44,31
"333",NA,720,"2016.09.17",14,1233770358,37,"77,805,338원",1,12,29,34,36,37,41
"334",NA,719,"2016.09.10",9,1879581334,58,"48,609,863원",4,8,13,19,20,43,26
"335",NA,718,"2016.09.03",17,926166464,64,"41,002,162원",4,11,20,23,32,39,40
"336",NA,717,"2016.08.27",6,2702433688,47,"57,498,590원",2,11,19,25,28,32,44
"337",NA,716,"2016.08.20",12,1358752157,35,"77,642,981원",2,6,13,16,29,30,21
"338",NA,715,"2016.08.13",6,2605510438,61,"42,713,286원",2,7,27,33,41,44,10
"339",NA,714,"2016.08.06",7,2085131733,46,"52,883,776원",1,7,22,33,37,40,20
"340",NA,713,"2016.07.30",9,1714720917,50,"51,441,628원",2,5,15,18,19,23,44
"341",NA,712,"2016.07.23",4,4034485125,47,"57,226,740원",17,20,30,31,33,45,19
"342",NA,711,"2016.07.16",7,2277413358,44,"60,385,961원",11,15,24,35,37,45,42
"343",NA,710,"2016.07.09",5,2895441150,57,"42,331,011원",3,4,9,24,25,33,10
"344",NA,709,"2016.07.02",14,1165271625,44,"61,794,708원",10,18,30,36,39,44,32
"345",NA,708,"2016.06.25",4,4099552219,52,"52,558,362원",2,10,16,19,34,45,1
"346",NA,707,"2016.06.18",12,1322167313,74,"35,734,252원",2,12,19,24,39,44,35
"347",NA,706,"2016.06.11",4,3831746063,51,"50,088,184원",3,4,6,10,28,30,37
"348",NA,705,"2016.06.04",4,3987206532,49,"54,247,708원",1,6,17,22,28,45,23
"349",NA,704,"2016.05.28",4,3865190344,47,"54,825,395원",1,4,8,23,33,42,45
"350",NA,703,"2016.05.21",5,3235784100,51,"52,872,290원",10,28,31,33,41,44,21
"351",NA,702,"2016.05.14",11,1465091387,46,"58,391,324원",3,13,16,24,26,29,9
"352",NA,701,"2016.05.07",10,1583183175,40,"65,965,966원",3,10,14,16,36,38,35
"353",NA,700,"2016.04.30",8,2082099188,41,"67,710,543원",11,23,28,29,30,44,13
"354",NA,699,"2016.04.23",8,1995411375,50,"53,210,970원",4,5,8,16,21,29,3
"355",NA,698,"2016.04.16",8,1921084125,48,"53,363,448원",3,11,13,21,33,37,18
"356",NA,697,"2016.04.09",10,1531443038,90,"28,360,057원",2,5,8,11,33,39,31
"357",NA,696,"2016.04.02",10,1632054413,44,"61,820,243원",1,7,16,18,34,38,21
"358",NA,695,"2016.03.26",11,1450214830,66,"40,283,746원",4,18,26,33,34,38,14
"359",NA,694,"2016.03.19",10,1555036388,78,"33,227,274원",7,15,20,25,33,43,12
"360",NA,693,"2016.03.12",10,1642763813,43,"63,673,016원",1,6,11,28,34,42,30
"361",NA,692,"2016.03.05",7,2301273697,44,"61,018,621원",3,11,14,15,32,36,44
"362",NA,691,"2016.02.27",6,2839296750,31,"91,590,218원",15,27,33,35,43,45,16
"363",NA,690,"2016.02.20",15,1126507625,34,"82,831,444원",24,25,33,34,38,39,43
"364",NA,689,"2016.02.13",7,2321775911,44,"61,562,241원",7,17,19,30,36,38,34
"365",NA,688,"2016.02.06",9,1967536750,53,"55,685,003원",5,15,22,23,34,35,2
"366",NA,687,"2016.01.30",6,2720029313,38,"71,579,719원",1,8,10,13,28,42,45
"367",NA,686,"2016.01.23",8,1937531719,36,"71,760,435원",7,12,15,24,25,43,13
"368",NA,685,"2016.01.16",11,1494367671,52,"52,686,040원",6,7,12,28,38,40,18
"369",NA,684,"2016.01.09",9,1688815709,62,"40,858,445원",1,11,15,17,25,39,40
"370",NA,683,"2016.01.02",16,1010930883,45,"59,907,016원",6,13,20,27,28,40,15
"371",2015,682,"2015.12.26",4,4063713563,56,"48,377,543원",17,23,27,35,38,43,2
"372",NA,681,"2015.12.19",6,2696328938,37,"72,873,756원",21,24,27,29,43,44,7
"373",NA,680,"2015.12.12",14,1110570563,44,"58,893,894원",4,10,19,29,32,42,30
"374",NA,679,"2015.12.05",5,2863005600,54,"44,182,186원",3,5,7,14,26,34,35
"375",NA,678,"2015.11.28",6,2288490188,41,"55,816,834원",4,5,6,12,25,37,45
"376",NA,677,"2015.11.21",8,1921114407,37,"69,229,348원",12,15,24,36,41,44,42
"377",NA,676,"2015.11.14",8,1879726500,63,"39,782,572원",1,8,17,34,39,45,27
"378",NA,675,"2015.11.07",4,3514549032,65,"36,046,657원",1,8,11,15,18,45,7
"379",NA,674,"2015.10.31",8,1770565500,48,"49,182,375원",9,10,14,25,27,31,11
"380",NA,673,"2015.10.24",10,1491453300,35,"71,021,586원",7,10,17,29,33,44,5
"381",NA,672,"2015.10.17",9,1754745000,46,"57,219,946원",8,21,28,31,36,45,43
"382",NA,671,"2015.10.10",4,3722322844,48,"51,698,929원",7,9,10,13,31,35,24
"383",NA,670,"2015.10.03",12,1191725219,39,"61,114,114원",11,18,26,27,40,41,25
"384",NA,669,"2015.09.26",6,2708173188,52,"52,080,254원",7,8,20,29,33,38,9
"385",NA,668,"2015.09.19",5,2991158625,56,"44,511,290원",12,14,15,24,27,32,3
"386",NA,667,"2015.09.12",7,2228764393,40,"65,005,629원",15,17,25,37,42,43,13
"387",NA,666,"2015.09.05",6,2396901063,47,"50,997,895원",2,4,6,11,17,28,16
"388",NA,665,"2015.08.29",4,3643230375,30,"80,960,675원",5,6,11,17,38,44,13
"389",NA,664,"2015.08.22",10,1536801338,44,"58,212,172원",10,20,33,36,41,44,5
"390",NA,663,"2015.08.15",7,2080244143,60,"40,449,192원",3,5,8,19,38,42,20
"391",NA,662,"2015.08.08",8,1689733688,43,"52,394,844원",5,6,9,11,15,37,26
"392",NA,661,"2015.08.01",8,1713025547,63,"36,254,509원",2,3,12,20,27,38,40
"393",NA,660,"2015.07.25",10,1421272575,48,"49,349,743원",4,9,23,33,39,44,14
"394",NA,659,"2015.07.18",11,1336604216,40,"61,261,027원",7,18,19,27,29,42,45
"395",NA,658,"2015.07.11",9,1634031375,38,"64,501,239원",8,19,25,28,32,36,37
"396",NA,657,"2015.07.04",9,1694762792,52,"48,887,389원",10,14,19,39,40,43,23
"397",NA,656,"2015.06.27",2,7330002750,48,"50,902,797원",3,7,14,16,31,40,39
"398",NA,655,"2015.06.20",9,1661439625,41,"60,784,377원",7,37,38,39,40,44,18
"399",NA,654,"2015.06.13",8,1879301391,69,"36,315,003원",16,21,26,31,36,43,6
"400",NA,653,"2015.06.06",14,980958670,56,"40,873,278원",5,6,26,27,38,39,1
"401",NA,652,"2015.05.30",5,3003483525,36,"69,525,082원",3,13,15,40,41,44,20
"402",NA,651,"2015.05.23",8,1855306454,35,"70,678,342원",11,12,16,26,29,44,18
"403",NA,650,"2015.05.16",5,2849298900,45,"52,764,795원",3,4,7,11,31,41,35
"404",NA,649,"2015.05.09",5,2948042100,45,"54,593,373원",3,21,22,33,41,42,20
"405",NA,648,"2015.05.02",7,2120987947,45,"54,988,577원",13,19,28,37,38,43,4
"406",NA,647,"2015.04.25",7,2189725608,44,"58,060,907원",5,16,21,23,24,30,29
"407",NA,646,"2015.04.18",7,2215498393,36,"71,798,560원",2,9,24,41,43,45,30
"408",NA,645,"2015.04.11",4,3696297750,28,"88,007,090원",1,4,16,26,40,41,31
"409",NA,644,"2015.04.04",8,1831451204,49,"49,835,407원",5,13,17,23,28,36,8
"410",NA,643,"2015.03.28",6,2535763625,43,"58,971,248원",15,24,31,32,33,40,13
"411",NA,642,"2015.03.21",12,1251460438,62,"40,369,692원",8,17,18,24,39,45,32
"412",NA,641,"2015.03.14",8,1990074563,50,"53,068,655원",11,18,21,36,37,43,12
"413",NA,640,"2015.03.07",9,1728768834,48,"54,024,027원",14,15,18,21,26,35,23
"414",NA,639,"2015.02.28",4,4061185219,45,"60,165,707원",6,15,22,23,25,32,40
"415",NA,638,"2015.02.21",7,2229403179,41,"63,438,302원",7,18,22,24,31,34,6
"416",NA,637,"2015.02.14",4,3899241094,45,"57,766,535원",3,16,22,37,38,44,23
"417",NA,636,"2015.02.07",8,1832362219,44,"55,526,128원",6,7,15,16,20,31,26
"418",NA,635,"2015.01.31",8,1855587235,35,"70,689,038원",11,13,25,26,29,33,32
"419",NA,634,"2015.01.24",13,1077935106,54,"43,250,483원",4,10,11,12,20,27,38
"420",NA,633,"2015.01.17",12,1217257094,47,"51,798,175원",9,12,19,20,39,41,13
"421",NA,632,"2015.01.10",11,1432587716,52,"50,507,901원",15,18,21,32,35,44,6
"422",NA,631,"2015.01.03",4,3919853532,46,"56,809,472원",1,2,4,23,31,34,8
"423",2014,630,"2014.12.27",3,4836305500,48,"50,378,183원",8,17,21,24,27,31,15
"424",NA,629,"2014.12.20",5,2919433575,34,"71,554,745원",19,28,31,38,43,44,1
"425",NA,628,"2014.12.13",9,1499942875,37,"60,808,495원",1,7,12,15,23,42,11
"426",NA,627,"2014.12.06",10,1352230650,35,"64,391,936원",2,9,22,25,31,45,12
"427",NA,626,"2014.11.29",8,1717871110,45,"50,899,885원",13,14,26,33,40,43,15
"428",NA,625,"2014.11.22",5,2765184675,45,"51,207,124원",3,6,7,20,21,39,13
"429",NA,624,"2014.11.15",5,2763729450,61,"37,755,867원",1,7,19,26,27,35,16
"430",NA,623,"2014.11.08",8,1813702594,35,"69,093,433원",7,13,30,39,41,45,25
"431",NA,622,"2014.11.01",9,1630598292,34,"71,938,160원",9,15,16,21,28,34,24
"432",NA,621,"2014.10.25",6,2359723500,62,"38,060,057원",1,2,6,16,19,42,9
"433",NA,620,"2014.10.18",7,2028283233,44,"53,780,238원",2,16,17,32,39,45,40
"434",NA,619,"2014.10.11",3,4612479375,59,"39,088,809원",6,8,13,30,35,40,21
"435",NA,618,"2014.10.04",5,2881326225,45,"53,357,894원",8,16,25,30,42,43,15
"436",NA,617,"2014.09.27",8,1629701860,43,"50,533,391원",4,5,11,12,24,27,28
"437",NA,616,"2014.09.20",9,1611811250,49,"49,341,161원",5,13,18,23,40,45,3
"438",NA,615,"2014.09.13",9,1535062417,31,"74,277,214원",10,17,18,19,23,27,35
"439",NA,614,"2014.09.06",6,2540975438,46,"55,238,597원",8,21,25,39,40,44,18
"440",NA,613,"2014.08.30",9,1549831209,30,"77,491,561원",7,8,11,16,41,44,35
"441",NA,612,"2014.08.23",11,1181705250,59,"36,719,655원",6,9,18,19,25,33,40
"442",NA,611,"2014.08.16",4,3502706157,47,"49,683,776원",2,22,27,33,36,37,14
"443",NA,610,"2014.08.09",4,3516018375,34,"68,941,537원",14,18,20,23,28,36,33
"444",NA,609,"2014.08.02",2,6339311438,47,"44,959,656원",4,8,27,34,39,40,13
"445",NA,608,"2014.07.26",7,1943530018,32,"70,857,866원",4,8,18,19,39,44,41
"446",NA,607,"2014.07.19",4,3494480907,35,"66,561,542원",8,14,23,36,38,39,13
"447",NA,606,"2014.07.12",10,1311566850,44,"49,680,563원",1,5,6,14,20,39,22
"448",NA,605,"2014.07.05",9,1394232250,40,"52,283,710원",1,2,7,9,10,38,42
"449",NA,604,"2014.06.28",11,1229141557,36,"62,595,172원",2,6,18,21,33,34,30
"450",NA,603,"2014.06.21",4,3452136563,30,"76,714,146원",2,19,25,26,27,43,28
"451",NA,602,"2014.06.14",8,1689530860,42,"53,635,901원",13,14,22,27,30,38,2
"452",NA,601,"2014.06.07",9,1524565209,28,"81,673,137원",2,16,19,31,34,35,37
"453",NA,600,"2014.05.31",15,901798725,41,"54,987,728원",5,11,14,27,29,36,44
"454",NA,599,"2014.05.24",8,1710918329,43,"53,051,732원",5,12,17,29,34,35,27
"455",NA,598,"2014.05.17",16,833998594,50,"44,479,925원",4,12,24,33,38,45,22
"456",NA,597,"2014.05.10",13,1057920606,46,"49,829,594원",8,10,23,24,35,43,37
"457",NA,596,"2014.05.03",10,1328267663,41,"53,994,621원",3,4,12,14,25,43,17
"458",NA,595,"2014.04.26",8,1744525219,54,"43,074,697원",8,24,28,35,38,40,5
"459",NA,594,"2014.04.19",11,1255592796,42,"54,807,623원",2,8,13,25,28,37,3
"460",NA,593,"2014.04.12",9,1532833500,62,"37,084,682원",9,10,13,24,33,38,28
"461",NA,592,"2014.04.05",6,2356381688,28,"84,156,489원",2,5,6,13,28,44,43
"462",NA,591,"2014.03.29",5,2964676200,38,"65,014,829원",8,13,14,30,38,39,5
"463",NA,590,"2014.03.22",7,2185183983,31,"82,238,107원",20,30,36,38,41,45,23
"464",NA,589,"2014.03.15",7,2136877983,42,"59,357,722원",6,8,28,33,38,39,22
"465",NA,588,"2014.03.08",5,2889342075,43,"55,995,002원",2,8,15,22,25,41,30
"466",NA,587,"2014.03.01",3,4974577375,43,"57,843,923원",14,21,29,31,32,37,17
"467",NA,586,"2014.02.22",8,1778354344,46,"51,546,503원",2,7,12,15,21,34,5
"468",NA,585,"2014.02.15",9,1620546334,45,"54,018,212원",6,7,10,16,38,41,4
"469",NA,584,"2014.02.08",3,5033183250,32,"78,643,489원",7,18,30,39,40,41,36
"470",NA,583,"2014.02.01",11,1341848353,51,"48,236,379원",8,17,27,33,40,44,24
"471",NA,582,"2014.01.25",4,3560558719,57,"41,643,962원",2,12,14,33,40,41,25
"472",NA,581,"2014.01.18",8,1844554547,39,"63,061,694원",3,5,14,20,42,44,33
"473",NA,580,"2014.01.11",7,2028610500,42,"56,350,292원",5,7,9,11,32,35,33
"474",NA,579,"2014.01.04",11,1396068444,46,"55,640,409원",5,7,20,22,37,42,39
"475",2013,578,"2013.12.28",5,2796466575,43,"54,195,089원",5,12,14,32,34,42,16
"476",NA,577,"2013.12.21",3,4484438375,42,"53,386,172원",16,17,22,31,34,37,33
"477",NA,576,"2013.12.14",3,4321966000,54,"40,018,204원",10,11,15,25,35,41,13
"478",NA,575,"2013.12.07",8,1699267875,45,"50,348,678원",2,8,20,30,33,34,6
"479",NA,574,"2013.11.30",2,6965184938,33,"70,355,404원",14,15,16,19,25,43,2
"480",NA,573,"2013.11.23",8,1645691766,50,"43,885,114원",2,4,20,34,35,43,14
"481",NA,572,"2013.11.16",8,1668216188,53,"41,967,703원",3,13,18,33,37,45,1
"482",NA,571,"2013.11.09",7,1966538465,33,"69,524,088원",11,18,21,26,38,43,29
"483",NA,570,"2013.11.02",9,1527791625,38,"60,307,565원",1,12,26,27,29,33,42
"484",NA,569,"2013.10.26",4,3467925188,36,"64,220,837원",3,6,13,23,24,35,1
"485",NA,568,"2013.10.19",10,1305167550,50,"43,505,585원",1,3,17,20,31,44,40
"486",NA,567,"2013.10.12",6,2318659438,53,"43,748,292원",1,10,15,16,32,41,28
"487",NA,566,"2013.10.05",4,3508951032,35,"66,837,163원",4,5,6,25,26,43,41
"488",NA,565,"2013.09.28",8,1742064469,39,"59,557,760원",4,10,18,27,40,45,38
"489",NA,564,"2013.09.21",7,1934801143,32,"70,539,625원",14,19,25,26,27,34,2
"490",NA,563,"2013.09.14",7,1932735643,38,"59,338,375원",5,10,16,17,31,32,21
"491",NA,562,"2013.09.07",11,1166694614,51,"41,940,003원",4,11,13,17,20,31,33
"492",NA,561,"2013.08.31",5,2753712225,41,"55,969,761원",5,7,18,37,42,45,20
"493",NA,560,"2013.08.24",7,1976697215,40,"57,653,669원",1,4,20,23,29,45,28
"494",NA,559,"2013.08.17",7,1926145608,42,"53,504,045원",11,12,25,32,44,45,23
"495",NA,558,"2013.08.10",10,1315913663,51,"43,003,715원",12,15,19,26,40,43,29
"496",NA,557,"2013.08.03",7,1888069286,43,"51,226,687원",4,20,26,28,35,40,31
"497",NA,556,"2013.07.27",7,2005209161,41,"57,058,798원",12,20,23,28,30,44,43
"498",NA,555,"2013.07.20",8,1711027360,46,"49,594,996원",11,17,21,24,26,36,12
"499",NA,554,"2013.07.13",2,6813893625,41,"55,397,510원",13,14,17,32,41,42,6
"500",NA,553,"2013.07.06",6,2249631438,52,"43,262,144원",2,7,17,28,29,39,37
"501",NA,552,"2013.06.29",10,1330824225,45,"49,289,787원",1,10,20,32,35,40,43
"502",NA,551,"2013.06.22",1,13526973750,32,"70,452,989원",3,6,20,24,27,44,25
"503",NA,550,"2013.06.15",11,1118679205,58,"35,360,550원",1,7,14,20,34,37,41
"504",NA,549,"2013.06.08",8,1760805047,35,"67,078,288원",29,31,35,38,40,44,17
"505",NA,548,"2013.06.01",8,1736871891,46,"50,344,113원",1,12,13,21,32,45,14
"506",NA,547,"2013.05.25",5,2838444450,54,"43,803,156원",6,7,15,22,34,39,28
"507",NA,546,"2013.05.18",30,405939950,55,"36,903,632원",8,17,20,27,37,43,6
"508",NA,545,"2013.05.11",11,1198994353,42,"52,337,056원",4,24,25,27,34,35,2
"509",NA,544,"2013.05.04",13,1046388433,47,"48,237,765원",5,17,21,25,36,44,10
"510",NA,543,"2013.04.27",12,1112934844,47,"47,358,930원",13,18,26,31,34,44,12
"511",NA,542,"2013.04.20",6,2335152563,26,"89,813,561원",5,6,19,26,41,45,34
"512",NA,541,"2013.04.13",11,1269327171,40,"58,177,496원",8,13,26,28,32,34,43
"513",NA,540,"2013.04.06",7,1989365250,26,"89,266,390원",3,12,13,15,34,36,14
"514",NA,539,"2013.03.30",9,1621036667,42,"57,894,167원",3,19,22,31,42,43,26
"515",NA,538,"2013.03.23",3,4688021625,48,"48,833,559원",6,10,18,31,32,34,11
"516",NA,537,"2013.03.16",7,2104038911,35,"70,134,631원",12,23,26,30,36,43,11
"517",NA,536,"2013.03.09",11,1308523603,40,"59,973,999원",7,8,18,32,37,43,12
"518",NA,535,"2013.03.02",3,4935603000,31,"79,606,500원",11,12,14,15,18,39,34
"519",NA,534,"2013.02.23",1,14215763250,55,"43,078,071원",10,24,26,29,37,38,32
"520",NA,533,"2013.02.16",8,1785671579,44,"54,111,260원",9,14,15,17,31,33,23
"521",NA,532,"2013.02.09",7,2216896286,26,"99,476,116원",16,17,23,24,29,44,3
"522",NA,531,"2013.02.02",9,1521519750,42,"54,339,992원",1,5,9,21,27,35,45
"523",NA,530,"2013.01.26",11,1231656239,40,"56,450,911원",16,23,27,29,33,41,22
"524",NA,529,"2013.01.19",8,1749114797,33,"70,671,305원",18,20,24,27,31,42,39
"525",NA,528,"2013.01.12",11,1197889125,86,"25,536,397원",5,17,25,31,39,40,10
"526",NA,527,"2013.01.05",13,1032386366,29,"77,132,315원",1,12,22,32,33,42,38
"527",2012,526,"2012.12.29",9,1491031959,49,"45,643,836원",7,14,17,20,35,39,31
"528",NA,525,"2012.12.22",9,1501132375,41,"54,919,478원",11,23,26,29,39,44,22
"529",NA,524,"2012.12.15",4,3491695594,36,"64,661,030원",10,11,29,38,41,45,21
"530",NA,523,"2012.12.08",7,1780355840,43,"48,304,229원",1,4,37,38,40,45,7
"531",NA,522,"2012.12.01",6,2281623000,39,"58,503,154원",4,5,13,14,37,41,11
"532",NA,521,"2012.11.24",8,1693420922,53,"42,601,785원",3,7,18,29,32,36,19
"533",NA,520,"2012.11.17",6,2167205438,37,"58,573,120원",4,22,27,28,38,40,1
"534",NA,519,"2012.11.10",7,1950601393,32,"71,115,676원",6,8,13,16,30,43,3
"535",NA,518,"2012.11.03",6,2263804125,34,"66,582,475원",14,23,30,32,34,38,6
"536",NA,517,"2012.10.27",5,2659057725,40,"55,397,036원",1,9,12,28,36,41,10
"537",NA,516,"2012.10.20",11,1294190182,32,"74,146,313원",2,8,23,41,43,44,30
"538",NA,515,"2012.10.13",1,13200466875,35,"62,859,367원",2,11,12,15,23,37,8
"539",NA,514,"2012.10.06",3,4451055500,36,"61,820,216원",1,15,20,26,35,42,9
"540",NA,513,"2012.09.29",3,4589624750,54,"42,496,526원",5,8,21,23,27,33,12
"541",NA,512,"2012.09.22",13,940094452,52,"39,170,603원",4,5,9,13,26,27,1
"542",NA,511,"2012.09.15",6,2165579250,37,"58,529,169원",3,7,14,23,26,42,24
"543",NA,510,"2012.09.08",5,2644158150,25,"88,138,605원",12,29,32,33,39,40,42
"544",NA,509,"2012.09.01",5,2689076100,34,"65,908,728원",12,25,29,35,42,43,24
"545",NA,508,"2012.08.25",8,1599557860,31,"68,798,188원",5,27,31,34,35,43,37
"546",NA,507,"2012.08.18",9,1416438875,29,"73,264,080원",12,13,32,33,40,41,4
"547",NA,506,"2012.08.11",3,4073333875,33,"61,717,180원",6,9,11,22,24,30,31
"548",NA,505,"2012.08.04",6,1917955188,38,"50,472,505원",7,20,22,25,38,40,44
"549",NA,504,"2012.07.28",9,1443236959,29,"74,650,188원",6,14,22,26,43,44,31
"550",NA,503,"2012.07.21",7,1853634911,42,"51,489,859원",1,5,27,30,34,36,40
"551",NA,502,"2012.07.14",6,2201458125,31,"71,014,779원",6,22,28,32,34,40,26
"552",NA,501,"2012.07.07",4,3025200094,61,"33,062,297원",1,4,10,17,31,42,2
"553",NA,500,"2012.06.30",9,1351072375,68,"29,803,068원",3,4,12,20,24,34,41
"554",NA,499,"2012.06.23",3,4070480250,46,"44,244,351원",5,20,23,27,35,40,43
"555",NA,498,"2012.06.16",4,3244503094,35,"61,800,059원",13,14,24,32,39,41,3
"556",NA,497,"2012.06.09",6,2222817813,30,"74,093,928원",19,20,23,24,43,44,13
"557",NA,496,"2012.06.02",4,3285932250,46,"47,622,207원",4,13,20,29,36,41,39
"558",NA,495,"2012.05.26",6,2111645000,44,"47,991,932원",4,13,22,27,34,44,6
"559",NA,494,"2012.05.19",12,1054588407,40,"52,729,421원",5,7,8,15,30,43,22
"560",NA,493,"2012.05.12",9,1451120334,27,"80,617,797원",20,22,26,33,36,37,25
"561",NA,492,"2012.05.05",5,2493013800,40,"51,937,788원",22,27,31,35,37,40,42
"562",NA,491,"2012.04.28",4,3304634438,31,"71,067,408원",8,17,35,36,39,42,4
"563",NA,490,"2012.04.21",7,1860234161,29,"74,837,007원",2,7,26,29,40,43,42
"564",NA,489,"2012.04.14",6,2106360625,52,"40,506,936원",2,4,8,15,20,27,11
"565",NA,488,"2012.04.07",10,1330393575,33,"67,191,595원",2,8,17,30,31,38,25
"566",NA,487,"2012.03.31",8,1638830766,46,"47,502,342원",4,8,25,27,37,41,21
"567",NA,486,"2012.03.24",13,1008634125,29,"75,357,722원",1,2,23,25,38,40,43
"568",NA,485,"2012.03.17",9,1501474917,33,"68,248,860원",17,22,26,27,36,39,20
"569",NA,484,"2012.03.10",6,2305303063,32,"72,040,721원",1,3,27,28,32,45,11
"570",NA,483,"2012.03.03",5,2567196675,53,"40,364,728원",12,15,19,22,28,34,5
"571",NA,482,"2012.02.25",7,1897921179,30,"73,808,046원",1,10,16,24,25,35,43
"572",NA,481,"2012.02.18",3,4639355750,34,"68,225,820원",3,4,23,29,40,41,20
"573",NA,480,"2012.02.11",4,2996742282,50,"39,956,564원",3,5,10,17,30,31,16
"574",NA,479,"2012.02.04",6,2233046500,34,"65,677,839원",8,23,25,27,35,44,24
"575",NA,478,"2012.01.28",14,987224759,35,"65,814,984원",18,29,30,37,39,43,8
"576",NA,477,"2012.01.21",8,1919011829,33,"77,535,832원",14,25,29,32,33,45,37
"577",NA,476,"2012.01.14",4,3439851469,34,"67,448,069원",9,12,13,15,37,38,27
"578",NA,475,"2012.01.07",8,1693923047,33,"68,441,336원",1,9,14,16,21,29,3
"579",2011,474,"2011.12.31",15,936690800,48,"48,785,980원",4,13,18,31,33,45,43
"580",NA,473,"2011.12.24",4,3250418063,36,"60,192,928원",8,13,20,22,23,36,34
"581",NA,472,"2011.12.17",7,1809656090,23,"91,794,150원",16,25,26,31,36,43,44
"582",NA,471,"2011.12.10",7,1939332858,30,"75,418,500원",6,13,29,37,39,41,43
"583",NA,470,"2011.12.03",3,4333330625,27,"80,246,864원",10,16,20,39,41,42,27
"584",NA,469,"2011.11.26",4,3330131250,33,"67,275,379원",4,21,22,34,37,38,33
"585",NA,468,"2011.11.19",9,1527197167,33,"69,418,054원",8,13,15,28,37,43,17
"586",NA,467,"2011.11.12",9,1435441084,33,"65,247,322원",2,12,14,17,24,40,39
"587",NA,466,"2011.11.05",9,1530313459,55,"41,735,822원",4,10,13,23,32,44,20
"588",NA,465,"2011.10.29",7,1923662893,46,"48,788,552원",1,8,11,13,22,38,31
"589",NA,464,"2011.10.22",13,3355721106,78,"67,273,025원",6,12,15,34,42,44,4
"590",NA,463,"2011.10.15",0,0,37,"54,687,384원",23,29,31,33,34,44,40
"591",NA,462,"2011.10.08",8,1483559297,39,"50,719,976원",3,20,24,32,37,45,4
"592",NA,461,"2011.10.01",6,1948674875,32,"60,896,090원",11,18,26,31,37,40,43
"593",NA,460,"2011.09.24",4,3180895782,30,"70,686,573원",8,11,28,30,43,45,41
"594",NA,459,"2011.09.17",7,1655842233,46,"41,995,999원",4,6,10,14,25,40,12
"595",NA,458,"2011.09.10",8,1608812625,52,"41,251,606원",4,9,10,32,36,40,18
"596",NA,457,"2011.09.03",10,1159902825,47,"41,131,306원",8,10,18,23,27,40,33
"597",NA,456,"2011.08.27",7,1598505054,39,"47,818,528원",1,7,12,18,23,27,44
"598",NA,455,"2011.08.20",7,1635711483,32,"59,635,315원",4,19,20,26,30,35,24
"599",NA,454,"2011.08.13",7,1609125590,43,"43,658,447원",13,25,27,34,38,41,10
"600",NA,453,"2011.08.06",5,2262732375,36,"52,378,065원",12,24,33,38,40,42,30
"601",NA,452,"2011.07.30",9,1276902000,48,"39,903,188원",8,10,18,30,32,34,27
"602",NA,451,"2011.07.23",13,882138952,31,"61,654,873원",12,15,20,24,30,38,29
"603",NA,450,"2011.07.16",6,1990391625,34,"58,540,931원",6,14,19,21,23,31,13
"604",NA,449,"2011.07.09",3,4059715250,39,"52,047,632원",3,10,20,26,35,43,36
"605",NA,448,"2011.07.02",3,4026212750,35,"57,517,325원",3,7,13,27,40,41,36
"606",NA,447,"2011.06.25",4,2657941125,31,"57,160,025원",2,7,8,9,17,33,34
"607",NA,446,"2011.06.18",3,4051247625,41,"49,405,459원",1,11,12,14,26,35,6
"608",NA,445,"2011.06.11",7,1791683036,28,"74,653,460원",13,20,21,30,39,45,32
"609",NA,444,"2011.06.04",3,4154188625,26,"79,888,243원",11,13,23,35,43,45,17
"610",NA,443,"2011.05.28",9,1327597584,41,"48,570,644원",4,6,10,19,20,44,14
"611",NA,442,"2011.05.21",9,1413413042,27,"78,522,947원",25,27,29,36,38,40,41
"612",NA,441,"2011.05.14",4,3170417063,42,"50,324,081원",1,23,28,30,34,35,9
"613",NA,440,"2011.05.07",6,1995873000,41,"48,679,830원",10,22,28,34,36,44,2
"614",NA,439,"2011.04.30",6,1900077375,33,"57,578,103원",17,20,30,31,37,40,25
"615",NA,438,"2011.04.23",9,1377142167,41,"50,383,250원",6,12,20,26,29,38,45
"616",NA,437,"2011.04.16",6,2096245438,33,"63,522,590원",11,16,29,38,41,44,21
"617",NA,436,"2011.04.09",8,1512266579,44,"45,826,260원",9,14,20,22,33,34,28
"618",NA,435,"2011.04.02",10,1287550013,31,"69,223,119원",8,16,26,30,38,45,42
"619",NA,434,"2011.03.26",8,1480060266,37,"53,335,506원",3,13,20,24,33,37,35
"620",NA,433,"2011.03.19",11,1182294410,41,"52,866,824원",19,23,29,33,35,43,27
"621",NA,432,"2011.03.12",5,2299427550,48,"39,920,618원",2,3,5,11,27,39,33
"622",NA,431,"2011.03.05",10,1268434013,43,"49,164,110원",18,22,25,31,38,45,6
"623",NA,430,"2011.02.26",8,1611763219,45,"47,755,948원",1,3,16,18,30,34,44
"624",NA,429,"2011.02.19",9,1485904709,37,"60,239,381원",3,23,28,34,39,42,16
"625",NA,428,"2011.02.12",9,1437683209,30,"71,884,161원",12,16,19,22,37,40,8
"626",NA,427,"2011.02.05",1,12571445625,33,"63,492,150원",6,7,15,24,28,30,21
"627",NA,426,"2011.01.29",4,3057233625,63,"32,351,679원",4,17,18,27,39,43,19
"628",NA,425,"2011.01.22",8,1534833000,41,"49,913,269원",8,10,14,27,33,38,3
"629",NA,424,"2011.01.15",10,1109480813,51,"36,257,543원",10,11,26,31,34,44,30
"630",NA,423,"2011.01.08",3,3896153875,47,"41,448,446원",1,17,27,28,29,40,5
"631",NA,422,"2011.01.01",6,2205251375,21,"105,011,971원",8,15,19,21,34,44,12
"632",2010,421,"2010.12.25",5,2321144325,36,"53,730,193원",6,11,26,27,28,44,30
"633",NA,420,"2010.12.18",8,1424856375,35,"54,280,243원",4,9,10,29,31,34,27
"634",NA,419,"2010.12.11",3,3796490750,33,"57,522,588원",2,11,13,14,28,30,7
"635",NA,418,"2010.12.04",8,1435649766,46,"41,613,037원",11,13,15,26,28,34,31
"636",NA,417,"2010.11.27",4,2818329938,34,"55,261,372원",4,5,14,20,22,43,44
"637",NA,416,"2010.11.20",10,1072037100,32,"55,835,266원",5,6,8,11,22,26,44
"638",NA,415,"2010.11.13",8,1334182407,35,"50,825,997원",7,17,20,26,30,40,24
"639",NA,414,"2010.11.06",1,11703832500,35,"55,732,536원",2,14,15,22,23,44,43
"640",NA,413,"2010.10.30",4,2814673500,36,"52,123,584원",2,9,15,23,34,40,3
"641",NA,412,"2010.10.23",7,1656199822,34,"56,830,387원",4,7,39,41,42,45,40
"642",NA,411,"2010.10.16",12,953227563,36,"52,957,087원",11,14,22,35,37,39,5
"643",NA,410,"2010.10.09",9,1249335709,37,"50,648,745원",1,3,18,32,40,41,16
"644",NA,409,"2010.10.02",4,2896989750,36,"53,647,959원",6,9,21,31,32,40,38
"645",NA,408,"2010.09.25",5,2235375825,33,"56,448,885원",9,20,21,22,30,37,16
"646",NA,407,"2010.09.18",7,1649707286,27,"71,283,649원",6,7,13,16,24,25,1
"647",NA,406,"2010.09.11",5,2156142450,33,"54,448,042원",7,12,21,24,27,36,45
"648",NA,405,"2010.09.04",3,3543878000,35,"50,626,829원",1,2,10,25,26,44,4
"649",NA,404,"2010.08.28",3,3566659375,26,"68,589,604원",5,20,21,24,33,40,36
"650",NA,403,"2010.08.21",5,2122396875,43,"41,131,723원",10,14,22,24,28,37,26
"651",NA,402,"2010.08.14",4,2662206188,41,"43,287,906원",5,9,15,19,22,36,32
"652",NA,401,"2010.08.07",9,1168214792,29,"60,424,904원",6,12,18,31,38,43,9
"653",NA,400,"2010.07.31",4,2669834325,30,"59,329,652원",9,21,27,34,41,43,2
"654",NA,399,"2010.07.24",8,1276854975,40,"42,561,833원",1,2,9,17,19,42,20
"655",NA,398,"2010.07.17",4,2680625550,31,"57,647,862원",10,15,20,23,42,44,7
"656",NA,397,"2010.07.10",3,3499519700,31,"56,443,867원",12,13,17,22,25,33,8
"657",NA,396,"2010.07.03",2,5296622400,34,"51,927,671원",18,20,31,34,40,45,30
"658",NA,395,"2010.06.26",7,1534635000,42,"42,628,750원",11,15,20,26,31,35,7
"659",NA,394,"2010.06.19",1,10654349100,33,"53,809,844원",1,13,20,22,25,28,15
"660",NA,393,"2010.06.12",8,1362003975,35,"51,885,866원",9,16,28,40,41,43,21
"661",NA,392,"2010.06.05",6,1713528700,30,"57,117,624원",1,3,7,8,24,42,43
"662",NA,391,"2010.05.29",1,10508749800,32,"54,733,072원",10,11,18,22,28,39,30
"663",NA,390,"2010.05.22",1,10373997900,37,"46,729,721원",16,17,28,37,39,40,15
"664",NA,389,"2010.05.15",5,2119027020,36,"49,051,552원",7,16,18,20,23,26,3
"665",NA,388,"2010.05.08",4,2545543875,30,"56,567,642원",1,8,9,17,29,32,45
"666",NA,387,"2010.05.01",4,2675533500,26,"68,603,424원",1,26,31,34,40,43,20
"667",NA,386,"2010.04.24",10,1042953330,59,"29,461,959원",4,7,10,19,31,40,26
"668",NA,385,"2010.04.17",7,1542032700,36,"49,973,282원",7,12,19,21,29,32,9
"669",NA,384,"2010.04.10",3,3658734200,41,"44,618,710원",11,22,24,32,36,38,7
"670",NA,383,"2010.04.03",3,3596522100,28,"64,223,609원",4,15,28,33,37,40,25
"671",NA,382,"2010.03.27",6,1846674900,32,"57,708,591원",10,15,22,24,27,42,19
"672",NA,381,"2010.03.20",19,565738895,62,"28,895,267원",1,5,10,12,16,20,11
"673",NA,380,"2010.03.13",4,2684274825,42,"42,607,537원",1,2,8,17,26,37,27
"674",NA,379,"2010.03.06",7,1598999786,71,"26,274,645원",6,10,22,31,35,40,19
"675",NA,378,"2010.02.27",5,2317698240,30,"64,380,507원",5,22,29,31,34,39,43
"676",NA,377,"2010.02.20",3,3912085400,22,"88,911,032원",6,22,29,37,43,45,23
"677",NA,376,"2010.02.13",6,1956915800,51,"38,370,899원",1,11,13,24,28,40,7
"678",NA,375,"2010.02.06",7,1581284058,42,"43,924,558원",4,8,19,25,27,45,7
"679",NA,374,"2010.01.30",2,5528717850,27,"68,255,776원",11,13,15,17,25,34,26
"680",NA,373,"2010.01.23",4,2791801125,29,"64,179,337원",15,26,37,42,43,45,9
"681",NA,372,"2010.01.16",9,1192593200,37,"48,348,373원",8,11,14,16,18,21,13
"682",NA,371,"2010.01.09",7,1524130543,29,"61,315,597원",7,9,15,26,27,42,18
"683",NA,370,"2010.01.02",7,1678941943,32,"61,211,425원",16,18,24,42,44,45,17
"684",2009,369,"2009.12.26",6,1842177750,31,"59,425,089원",17,20,35,36,41,43,21
"685",NA,368,"2009.12.19",7,1465825115,38,"45,003,403원",11,21,24,30,39,45,26
"686",NA,367,"2009.12.12",7,1581736586,37,"49,874,578원",3,22,25,29,32,44,19
"687",NA,366,"2009.12.05",2,5351553900,39,"45,739,777원",5,12,19,26,27,44,38
"688",NA,365,"2009.11.28",1,10697716800,35,"50,941,509원",5,15,21,25,26,30,31
"689",NA,364,"2009.11.21",4,2531914800,37,"45,620,087원",2,5,7,14,16,40,4
"690",NA,363,"2009.11.14",4,2615910600,33,"52,846,679원",11,12,14,21,32,38,6
"691",NA,362,"2009.11.07",6,1729424650,26,"66,516,333원",2,3,22,27,30,40,29
"692",NA,361,"2009.10.31",7,1473115115,34,"50,548,068원",5,10,16,24,27,35,33
"693",NA,360,"2009.10.24",3,3566716200,33,"54,041,155원",4,16,23,25,35,40,27
"694",NA,359,"2009.10.17",8,1286712600,37,"46,368,022원",1,10,19,20,24,40,23
"695",NA,358,"2009.10.10",3,3472654900,44,"39,461,988원",1,9,10,12,21,40,37
"696",NA,357,"2009.10.03",2,5313394350,27,"65,597,462원",10,14,18,21,36,37,5
"697",NA,356,"2009.09.26",9,1157185267,37,"46,912,917원",2,8,14,25,29,45,24
"698",NA,355,"2009.09.19",5,2145424800,24,"74,493,917원",5,8,29,30,35,44,38
"699",NA,354,"2009.09.12",5,2124464340,34,"52,070,205원",14,19,36,43,44,45,1
"700",NA,353,"2009.09.05",2,5290838250,29,"60,814,233원",11,16,19,22,29,36,26
"701",NA,352,"2009.08.29",6,1732858250,29,"59,753,733원",5,16,17,20,26,41,24
"702",NA,351,"2009.08.22",4,2583357150,29,"59,387,521원",5,25,27,29,34,36,33
"703",NA,350,"2009.08.15",9,1101052467,23,"71,807,770원",1,8,18,24,29,33,35
"704",NA,349,"2009.08.08",3,3353209000,37,"45,313,636원",5,13,14,20,24,25,36
"705",NA,348,"2009.08.01",3,3299994000,37,"44,594,514원",3,14,17,20,24,31,34
"706",NA,347,"2009.07.25",7,1456624286,38,"44,720,922원",3,8,13,27,32,42,10
"707",NA,346,"2009.07.18",5,2017727340,26,"64,670,749원",5,13,14,22,44,45,33
"708",NA,345,"2009.07.11",2,5203577550,38,"45,645,418원",15,20,23,29,39,42,2
"709",NA,344,"2009.07.04",7,1467106543,23,"74,418,448원",1,2,15,28,34,45,38
"710",NA,343,"2009.06.27",6,1717153000,29,"59,212,173원",1,10,17,29,31,43,15
"711",NA,342,"2009.06.20",3,3454095800,29,"59,553,376원",1,13,14,33,34,43,25
"712",NA,341,"2009.06.13",7,1497207772,33,"52,931,588원",1,8,19,34,39,43,41
"713",NA,340,"2009.06.06",7,1439393186,35,"47,979,773원",18,24,26,29,34,38,32
"714",NA,339,"2009.05.30",9,1096778334,32,"51,411,485원",6,8,14,21,30,37,45
"715",NA,338,"2009.05.23",3,3383431000,39,"43,377,321원",2,13,34,38,42,45,16
"716",NA,337,"2009.05.16",8,1257500513,33,"50,808,102원",1,5,14,18,32,37,4
"717",NA,336,"2009.05.09",6,1685632650,30,"56,187,755원",3,5,20,34,35,44,16
"718",NA,335,"2009.05.02",5,2037492480,28,"60,639,658원",5,9,16,23,26,45,21
"719",NA,334,"2009.04.25",7,1523002972,31,"57,317,317원",13,15,21,29,39,43,33
"720",NA,333,"2009.04.18",7,1550987143,36,"50,263,473원",5,14,27,30,39,43,35
"721",NA,332,"2009.04.11",8,1359448388,37,"48,989,132원",16,17,34,36,42,45,3
"722",NA,331,"2009.04.04",5,2165902620,45,"40,109,308원",4,9,14,26,31,44,39
"723",NA,330,"2009.03.28",9,1162280200,32,"54,481,885원",3,4,16,17,19,20,23
"724",NA,329,"2009.03.21",6,1830391200,33,"55,466,400원",9,17,19,30,35,42,4
"725",NA,328,"2009.03.14",6,1819795900,30,"60,659,864원",1,6,9,16,17,28,24
"726",NA,327,"2009.03.07",12,882674750,39,"45,265,372원",6,12,13,17,32,44,24
"727",NA,326,"2009.02.28",6,1832134550,31,"59,101,115원",16,23,25,33,36,39,40
"728",NA,325,"2009.02.21",6,1806122450,33,"54,730,984원",7,17,20,32,44,45,33
"729",NA,324,"2009.02.14",6,1865130350,40,"46,628,259원",2,4,21,25,33,36,17
"730",NA,323,"2009.02.07",8,1461025388,27,"72,149,402원",10,14,15,32,36,42,3
"731",NA,322,"2009.01.31",6,1904544700,29,"65,673,956원",9,18,29,32,38,43,20
"732",NA,321,"2009.01.24",6,1959136100,35,"55,975,318원",12,18,20,21,25,34,42
"733",NA,320,"2009.01.17",2,5513067900,25,"73,507,572원",16,19,23,25,41,45,3
"734",NA,319,"2009.01.10",5,2135659380,26,"68,450,622원",5,8,22,28,33,42,37
"735",NA,318,"2009.01.03",9,1207436600,28,"64,684,104원",2,17,19,20,34,45,21
"736",2008,317,"2008.12.27",4,2576258550,25,"68,700,228원",3,10,11,22,36,39,8
"737",NA,316,"2008.12.20",6,1673586400,29,"57,709,876원",10,11,21,27,31,39,43
"738",NA,315,"2008.12.13",8,1308728625,32,"54,530,360원",1,13,33,35,43,45,23
"739",NA,314,"2008.12.06",6,1660512200,24,"69,188,009원",15,17,19,34,38,41,2
"740",NA,313,"2008.11.29",6,1715422800,26,"65,977,800원",9,17,34,35,43,45,2
"741",NA,312,"2008.11.22",15,629017820,58,"27,112,838원",2,3,5,6,12,20,25
"742",NA,311,"2008.11.15",8,1237691063,43,"38,378,018원",4,12,24,27,28,32,10
"743",NA,310,"2008.11.08",8,1296713325,29,"59,619,004원",1,5,19,28,34,41,16
"744",NA,309,"2008.11.01",11,901622946,25,"66,119,016원",1,2,5,11,18,36,22
"745",NA,308,"2008.10.25",1,10232872800,27,"63,165,882원",14,15,17,19,37,45,40
"746",NA,307,"2008.10.18",4,2587643250,28,"61,610,554원",5,15,21,23,25,45,12
"747",NA,306,"2008.10.11",5,2102669520,23,"76,183,679원",4,18,23,30,34,41,19
"748",NA,305,"2008.10.04",5,2008210140,34,"49,220,837원",7,8,18,21,23,39,9
"749",NA,304,"2008.09.27",6,1661646150,37,"44,909,356원",4,10,16,26,33,41,38
"750",NA,303,"2008.09.20",6,1672749000,29,"57,681,000원",2,14,17,30,38,45,43
"751",NA,302,"2008.09.13",2,5472167250,44,"41,455,813원",13,19,20,32,38,42,4
"752",NA,301,"2008.09.06",7,1447385015,47,"35,927,997원",7,11,13,33,37,43,26
"753",NA,300,"2008.08.30",12,836092425,34,"49,181,908원",7,9,10,12,26,38,39
"754",NA,299,"2008.08.23",7,1483772529,29,"59,691,999원",1,3,20,25,36,45,24
"755",NA,298,"2008.08.16",1,9909778500,40,"41,290,744원",5,9,27,29,37,40,19
"756",NA,297,"2008.08.09",2,5056668750,28,"60,198,438원",6,11,19,20,28,32,34
"757",NA,296,"2008.08.02",8,3066088275,53,"46,243,415원",3,8,15,27,30,45,44
"758",NA,295,"2008.07.26",0,0,26,"62,969,875원",1,4,12,16,18,38,8
"759",NA,294,"2008.07.19",4,2406504975,26,"61,705,256원",6,10,17,30,37,38,40
"760",NA,293,"2008.07.12",6,1656764400,21,"78,893,543원",1,9,17,21,29,33,24
"761",NA,292,"2008.07.05",14,720373950,37,"45,428,988원",17,18,31,32,33,34,10
"762",NA,291,"2008.06.28",7,1450585200,39,"43,393,575원",3,7,8,18,20,42,45
"763",NA,290,"2008.06.21",13,2149214424,61,"51,251,650원",8,13,18,32,39,45,7
"764",NA,289,"2008.06.14",0,0,24,"63,761,694원",3,14,33,37,38,42,10
"765",NA,288,"2008.06.07",4,2357261550,24,"65,479,488원",1,12,17,28,35,41,10
"766",NA,287,"2008.05.31",7,1328657100,37,"41,894,594원",6,12,24,27,35,37,41
"767",NA,286,"2008.05.24",3,3236566300,27,"59,936,413원",1,15,19,40,42,44,17
"768",NA,285,"2008.05.17",3,3164370100,26,"60,853,272원",13,33,37,40,41,45,2
"769",NA,284,"2008.05.10",3,3117640300,14,"111,344,297원",2,7,15,24,30,45,28
"770",NA,283,"2008.05.03",3,3137224600,24,"65,358,846원",6,8,18,31,38,45,42
"771",NA,282,"2008.04.26",7,1322052643,32,"48,199,836원",2,5,10,18,31,32,30
"772",NA,281,"2008.04.19",6,1554683200,37,"42,018,465원",1,3,4,6,14,41,12
"773",NA,280,"2008.04.12",7,1355258529,27,"58,560,554원",10,11,23,24,36,37,35
"774",NA,279,"2008.04.05",5,1914205320,27,"59,080,412원",7,16,31,36,37,38,11
"775",NA,278,"2008.03.29",3,3186530000,27,"59,009,815원",3,11,37,39,41,43,13
"776",NA,277,"2008.03.22",3,3272627800,31,"52,784,320원",10,12,13,15,25,29,20
"777",NA,276,"2008.03.15",3,3312569000,31,"53,428,533원",4,15,21,33,39,41,25
"778",NA,275,"2008.03.08",1,10044066900,19,"88,105,850원",14,19,20,35,38,40,26
"779",NA,274,"2008.03.01",4,2505085575,37,"45,136,678원",13,14,15,26,35,39,25
"780",NA,273,"2008.02.23",3,3339543100,21,"79,512,931원",1,8,24,31,34,44,6
"781",NA,272,"2008.02.16",9,1104622800,39,"42,485,493원",7,9,12,27,39,43,28
"782",NA,271,"2008.02.09",6,1565918150,28,"55,925,649원",3,8,9,27,29,40,36
"783",NA,270,"2008.02.02",5,1927830060,32,"50,203,908원",5,9,12,20,21,26,27
"784",NA,269,"2008.01.26",5,1961399940,22,"74,295,453원",5,18,20,36,42,43,32
"785",NA,268,"2008.01.19",7,1350954515,35,"45,031,818원",3,10,19,24,32,45,12
"786",NA,267,"2008.01.12",3,3257663300,28,"58,172,559원",7,8,24,34,36,41,1
"787",NA,266,"2008.01.05",3,3207211700,36,"44,544,607원",3,4,9,11,22,42,37
"788",2007,265,"2007.12.29",8,1200838575,19,"84,269,374원",5,9,34,37,38,39,12
"789",NA,264,"2007.12.22",7,1344889200,27,"58,112,497원",9,16,27,36,41,44,5
"790",NA,263,"2007.12.15",6,1551704900,27,"57,470,552원",1,27,28,32,37,40,18
"791",NA,262,"2007.12.08",2,4518741600,21,"71,726,058원",9,12,24,25,29,31,36
"792",NA,261,"2007.12.01",3,3192299100,32,"49,879,674원",6,11,16,18,31,43,2
"793",NA,260,"2007.11.24",4,2310085575,26,"59,232,964원",7,12,15,24,37,40,43
"794",NA,259,"2007.11.17",2,4838533500,25,"64,513,780원",4,5,14,35,42,45,34
"795",NA,258,"2007.11.10",4,2426434350,28,"57,772,247원",14,27,30,31,38,40,17
"796",NA,257,"2007.11.03",4,2391377025,18,"88,569,520원",6,13,27,31,32,37,4
"797",NA,256,"2007.10.27",2,4891017000,34,"47,951,148원",4,11,14,21,23,43,32
"798",NA,255,"2007.10.20",6,1598618550,13,"122,970,658원",1,5,6,24,27,42,32
"799",NA,254,"2007.10.13",1,9741015900,33,"49,197,050원",1,5,19,20,24,30,27
"800",NA,253,"2007.10.06",4,2466189525,20,"82,206,318원",8,19,25,31,34,36,33
"801",NA,252,"2007.09.29",7,1391089715,24,"67,622,417원",14,23,26,31,39,45,28
"802",NA,251,"2007.09.22",8,1282616400,40,"42,753,880원",6,7,19,25,28,38,45
"803",NA,250,"2007.09.15",5,1994726280,17,"97,780,700원",19,23,30,37,43,45,38
"804",NA,249,"2007.09.08",6,1663568700,29,"57,364,438원",3,8,27,31,41,44,11
"805",NA,248,"2007.09.01",8,1227479363,23,"71,158,224원",3,8,17,23,38,45,13
"806",NA,247,"2007.08.25",6,1669313900,29,"57,562,549원",12,15,28,36,39,40,13
"807",NA,246,"2007.08.18",5,1911774240,26,"61,274,816원",13,18,21,23,26,39,15
"808",NA,245,"2007.08.11",7,1382583129,35,"46,086,105원",9,11,27,31,32,38,22
"809",NA,244,"2007.08.04",1,9121583100,25,"60,810,554원",13,16,25,36,37,38,19
"810",NA,243,"2007.07.28",4,2408850000,29,"55,375,863원",2,12,17,19,28,42,34
"811",NA,242,"2007.07.21",8,1234542375,36,"45,723,792원",4,19,20,21,32,34,43
"812",NA,241,"2007.07.14",4,2552016300,34,"50,039,536원",2,16,24,27,28,35,21
"813",NA,240,"2007.07.07",2,5098251450,28,"60,693,470원",6,10,16,40,41,43,21
"814",NA,239,"2007.06.30",9,1134140167,29,"58,662,423원",11,15,24,39,41,44,7
"815",NA,238,"2007.06.23",9,1121660567,29,"58,016,926원",2,4,15,28,31,34,35
"816",NA,237,"2007.06.16",7,1440630729,39,"43,095,792원",1,11,17,21,24,44,33
"817",NA,236,"2007.06.09",2,5030040150,41,"40,894,636원",1,4,8,13,37,39,7
"818",NA,235,"2007.06.02",3,3433330100,29,"59,195,347원",21,22,26,27,31,37,8
"819",NA,234,"2007.05.26",4,2519743875,23,"73,036,055원",13,21,22,24,26,37,4
"820",NA,233,"2007.05.19",10,999153750,26,"64,048,318원",4,6,13,17,28,40,39
"821",NA,232,"2007.05.12",9,1110918400,18,"92,576,534원",8,9,10,12,24,44,35
"822",NA,231,"2007.05.05",9,1088365900,19,"85,923,624원",5,10,19,31,44,45,27
"823",NA,230,"2007.04.28",8,1292929163,25,"68,956,222원",5,11,14,29,32,33,12
"824",NA,229,"2007.04.21",7,1451441100,27,"62,716,591원",4,5,9,11,23,38,35
"825",NA,228,"2007.04.14",9,1146700334,39,"44,103,859원",17,25,35,36,39,44,23
"826",NA,227,"2007.04.07",2,5253542400,24,"72,965,867원",4,5,15,16,22,42,2
"827",NA,226,"2007.03.31",6,1744100150,38,"45,897,373원",2,6,8,14,21,22,34
"828",NA,225,"2007.03.24",6,1777201800,41,"43,346,386원",5,11,13,19,31,36,7
"829",NA,224,"2007.03.17",6,1808969950,26,"69,575,768원",4,19,26,27,30,42,7
"830",NA,223,"2007.03.10",7,1498170600,39,"44,817,070원",1,3,18,20,26,27,38
"831",NA,222,"2007.03.03",5,2275193820,33,"57,454,390원",5,7,28,29,39,43,44
"832",NA,221,"2007.02.24",6,1800104250,44,"40,911,461원",2,20,33,35,37,40,10
"833",NA,220,"2007.02.17",6,1958094950,28,"69,931,963원",5,11,19,21,34,43,31
"834",NA,219,"2007.02.10",9,1208409167,41,"44,210,092원",4,11,20,26,35,37,16
"835",NA,218,"2007.02.03",4,2779075800,26,"71,258,354원",1,8,14,18,29,44,20
"836",NA,217,"2007.01.27",7,1611246172,29,"64,820,249원",16,20,27,33,35,39,38
"837",NA,216,"2007.01.20",13,848506108,63,"29,181,427원",7,16,17,33,36,40,1
"838",NA,215,"2007.01.13",7,1587689615,32,"57,884,518원",2,3,7,15,43,44,4
"839",NA,214,"2007.01.06",8,1406980875,36,"52,110,403원",5,7,20,25,28,37,32
"840",2006,213,"2006.12.30",8,1376678025,33,"55,623,355원",2,3,4,5,20,24,42
"841",NA,212,"2006.12.23",4,2660747250,36,"49,273,098원",11,12,18,21,31,38,8
"842",NA,211,"2006.12.16",10,1035800250,29,"59,528,750원",12,13,17,20,33,41,8
"843",NA,210,"2006.12.09",2,5139085950,46,"37,239,754원",10,19,22,23,25,37,39
"844",NA,209,"2006.12.02",6,1660896350,34,"48,849,893원",2,7,18,20,24,33,37
"845",NA,208,"2006.11.25",6,1760767400,34,"51,787,277원",14,25,31,34,40,44,24
"846",NA,207,"2006.11.18",5,2104673760,37,"47,402,563원",3,11,14,31,32,37,38
"847",NA,206,"2006.11.11",5,2032859340,36,"47,056,930원",1,2,3,15,20,25,43
"848",NA,205,"2006.11.04",6,1835221800,21,"87,391,515원",1,3,21,29,35,37,30
"849",NA,204,"2006.10.28",8,1358347125,23,"78,744,761원",3,12,14,35,40,45,5
"850",NA,203,"2006.10.21",5,2164564740,43,"41,948,930원",1,3,11,24,30,32,7
"851",NA,202,"2006.10.14",6,1893391700,40,"47,334,793원",12,14,27,33,39,44,17
"852",NA,201,"2006.10.07",1,9719465400,37,"43,781,376원",3,11,24,38,39,44,26
"853",NA,200,"2006.09.30",8,1344616613,58,"30,910,727원",5,6,13,14,17,20,7
"854",NA,199,"2006.09.23",2,5344252200,23,"77,452,931원",14,21,22,25,30,36,43
"855",NA,198,"2006.09.16",6,1797855050,25,"71,914,202원",12,19,20,25,41,45,2
"856",NA,197,"2006.09.09",6,1803018300,42,"42,929,008원",7,12,16,34,42,45,4
"857",NA,196,"2006.09.02",15,727876520,27,"67,395,975원",35,36,37,41,44,45,30
"858",NA,195,"2006.08.26",11,918992591,66,"25,527,572원",7,10,19,22,35,40,31
"859",NA,194,"2006.08.19",4,2650567875,21,"84,145,012원",15,20,23,26,39,44,28
"860",NA,193,"2006.08.12",3,3404449700,20,"85,111,243원",6,14,18,26,36,39,13
"861",NA,192,"2006.08.05",4,2445348375,38,"42,900,849원",4,8,11,18,37,45,33
"862",NA,191,"2006.07.29",4,2577114675,23,"74,698,977원",5,6,24,25,32,37,8
"863",NA,190,"2006.07.22",6,1784159450,33,"54,065,438원",8,14,18,30,31,44,15
"864",NA,189,"2006.07.15",3,3461775100,33,"52,451,138원",8,14,32,35,37,45,28
"865",NA,188,"2006.07.08",3,3501405200,33,"53,051,594원",19,24,27,30,31,34,36
"866",NA,187,"2006.07.01",7,1544733900,19,"94,852,082원",1,2,8,18,29,38,42
"867",NA,186,"2006.06.24",9,1187882600,46,"38,735,303원",4,10,14,19,21,45,9
"868",NA,185,"2006.06.17",3,3522485800,34,"51,801,262원",1,2,4,8,19,38,14
"869",NA,184,"2006.06.10",6,1747753050,31,"56,379,131원",1,2,6,16,20,33,41
"870",NA,183,"2006.06.03",6,1777221500,25,"71,088,860원",2,18,24,34,40,42,5
"871",NA,182,"2006.05.27",3,3721439400,44,"42,289,085원",13,15,27,29,34,40,35
"872",NA,181,"2006.05.20",6,1941763300,24,"80,906,805원",14,21,23,32,40,45,44
"873",NA,180,"2006.05.13",2,5763371550,35,"54,889,253원",2,15,20,21,29,34,22
"874",NA,179,"2006.05.06",10,1081093920,53,"33,996,665원",5,9,17,25,39,43,32
"875",NA,178,"2006.04.29",5,2254621080,44,"42,701,157원",1,5,11,12,18,23,9
"876",NA,177,"2006.04.22",7,1693285500,30,"65,849,992원",1,10,13,16,37,43,6
"877",NA,176,"2006.04.15",5,2314663080,40,"48,222,148원",4,17,30,32,33,34,15
"878",NA,175,"2006.04.08",5,2371132620,48,"41,165,497원",19,26,28,31,33,36,17
"879",NA,174,"2006.04.01",7,1771103058,26,"79,472,574원",13,14,18,22,35,39,16
"880",NA,173,"2006.03.25",8,1487736788,63,"31,486,493원",3,9,24,30,33,34,18
"881",NA,172,"2006.03.18",11,1081154073,19,"104,321,885원",4,19,21,24,26,41,35
"882",NA,171,"2006.03.11",6,1961339700,19,"103,228,406원",4,16,25,29,34,35,1
"883",NA,170,"2006.03.04",6,1923108250,27,"71,226,232원",2,11,13,15,31,42,10
"884",NA,169,"2006.02.25",5,2482888380,31,"66,744,312원",16,27,35,37,43,45,19
"885",NA,168,"2006.02.18",5,2349946920,54,"36,264,613원",3,10,31,40,42,43,30
"886",NA,167,"2006.02.11",5,2491222920,36,"57,667,198원",24,27,28,30,36,39,4
"887",NA,166,"2006.02.04",11,1111299982,28,"72,763,690원",9,12,27,36,39,45,14
"888",NA,165,"2006.01.28",2,6767426700,40,"56,395,223원",5,13,18,19,22,42,31
"889",NA,164,"2006.01.21",3,4054937900,39,"51,986,384원",6,9,10,11,39,41,27
"890",NA,163,"2006.01.14",7,1629726515,47,"40,454,205원",7,11,26,28,29,44,16
"891",NA,162,"2006.01.07",5,2308265760,33,"58,289,540원",1,5,21,25,38,41,24
"892",2005,161,"2005.12.31",7,1996876272,63,"33,275,487원",22,34,36,40,42,45,44
"893",NA,160,"2005.12.24",2,5490805350,32,"57,195,890원",3,7,8,34,39,41,1
"894",NA,159,"2005.12.17",6,1755407300,24,"73,141,971원",1,18,30,41,42,43,32
"895",NA,158,"2005.12.10",10,1069544340,45,"39,612,754원",4,9,13,18,21,34,7
"896",NA,157,"2005.12.03",2,5484903750,28,"65,296,474원",19,26,30,33,35,39,37
"897",NA,156,"2005.11.26",8,1401099900,30,"62,271,107원",5,18,28,30,42,45,2
"898",NA,155,"2005.11.19",9,1193005734,37,"48,365,098원",16,19,20,32,33,41,4
"899",NA,154,"2005.11.12",4,2836628700,32,"59,096,432원",6,19,21,35,40,45,20
"900",NA,153,"2005.11.05",4,2730526125,52,"35,006,746원",3,8,11,12,13,36,33
"901",NA,152,"2005.10.29",5,2278131840,30,"63,281,440원",1,5,13,26,29,34,43
"902",NA,151,"2005.10.22",4,2716634025,45,"40,246,430원",1,2,10,13,18,19,15
"903",NA,150,"2005.10.15",4,2831645850,46,"41,038,346원",2,18,25,28,37,39,16
"904",NA,149,"2005.10.08",7,1639052143,43,"44,470,407원",2,11,21,34,41,42,27
"905",NA,148,"2005.10.01",5,2323596420,35,"55,323,725원",21,25,33,34,35,36,17
"906",NA,147,"2005.09.24",7,1700040215,35,"56,668,008원",4,6,13,21,40,42,36
"907",NA,146,"2005.09.17",2,6043415250,34,"59,249,170원",2,19,27,35,41,42,25
"908",NA,145,"2005.09.10",3,3797838200,38,"49,971,556원",2,3,13,20,27,44,9
"909",NA,144,"2005.09.03",8,1402440413,38,"49,208,436원",4,15,17,26,36,37,43
"910",NA,143,"2005.08.27",3,3954584700,35,"56,494,068원",26,27,28,42,43,45,8
"911",NA,142,"2005.08.20",11,1018265564,28,"66,672,150원",12,16,30,34,40,44,19
"912",NA,141,"2005.08.13",6,1900552400,29,"65,536,290원",8,12,29,31,42,43,2
"913",NA,140,"2005.08.06",5,2109462840,34,"51,702,521원",3,13,17,18,19,28,8
"914",NA,139,"2005.07.30",7,1650210215,28,"68,758,759원",9,11,15,20,28,43,13
"915",NA,138,"2005.07.23",5,2227152000,32,"57,998,750원",10,11,27,28,37,39,19
"916",NA,137,"2005.07.16",9,1270403467,40,"47,640,130원",7,9,20,25,36,39,15
"917",NA,136,"2005.07.09",6,1997694150,26,"76,834,391원",2,16,30,36,41,42,11
"918",NA,135,"2005.07.02",7,1717293515,28,"71,553,897원",6,14,22,28,35,39,16
"919",NA,134,"2005.06.25",5,2349155100,50,"39,152,585원",3,12,20,23,31,35,43
"920",NA,133,"2005.06.18",8,1450242600,51,"37,914,840원",4,7,15,18,23,26,13
"921",NA,132,"2005.06.11",4,2920473525,34,"57,264,187원",3,17,23,34,41,45,43
"922",NA,131,"2005.06.04",8,1451214488,33,"58,634,929원",8,10,11,14,15,21,37
"923",NA,130,"2005.05.28",4,3036496650,30,"67,477,704원",7,19,24,27,42,45,31
"924",NA,129,"2005.05.21",11,1093629655,50,"40,099,754원",19,23,25,28,38,42,17
"925",NA,128,"2005.05.14",6,2064043100,23,"89,741,005원",12,30,34,36,37,45,39
"926",NA,127,"2005.05.07",6,1965939150,43,"45,719,516원",3,5,10,29,32,43,35
"927",NA,126,"2005.04.30",9,1369301500,35,"58,684,350원",7,20,22,27,40,43,1
"928",NA,125,"2005.04.23",7,1754870786,36,"56,870,813원",2,8,32,33,35,36,18
"929",NA,124,"2005.04.16",9,1395936267,37,"56,592,011원",4,16,23,25,29,42,1
"930",NA,123,"2005.04.09",5,2532982680,38,"55,547,866원",7,17,18,28,30,45,27
"931",NA,122,"2005.04.02",9,1450073800,38,"57,239,756원",1,11,16,17,36,40,8
"932",NA,121,"2005.03.26",2,6839648100,31,"73,544,604원",12,28,30,34,38,43,9
"933",NA,120,"2005.03.19",3,4364530300,31,"70,395,650원",4,6,10,11,32,37,30
"934",NA,119,"2005.03.12",9,1474899400,49,"45,149,982원",3,11,13,14,17,21,38
"935",NA,118,"2005.03.05",10,1297989720,41,"52,763,810원",3,4,10,17,19,22,38
"936",NA,117,"2005.02.26",9,1558378334,50,"46,751,350원",5,10,22,34,36,44,35
"937",NA,116,"2005.02.19",7,1997747315,56,"41,619,736원",2,4,25,31,34,37,17
"938",NA,115,"2005.02.12",9,1488589567,34,"65,673,070원",1,2,6,9,25,28,31
"939",NA,114,"2005.02.05",6,2362345050,41,"57,618,172원",11,14,19,26,28,41,2
"940",NA,113,"2005.01.29",9,1561528934,43,"54,471,940원",4,9,28,33,36,45,26
"941",NA,112,"2005.01.22",9,1567271167,32,"73,465,836원",26,29,30,33,41,42,43
"942",NA,111,"2005.01.15",6,2199047450,51,"43,118,578원",7,18,31,33,36,40,27
"943",NA,110,"2005.01.08",3,4566262000,38,"60,082,395원",7,20,22,23,29,43,1
"944",NA,109,"2005.01.01",12,1246838200,31,"80,441,175원",1,5,34,36,42,44,33
"945",2004,108,"2004.12.25",7,1998900772,41,"56,879,291원",7,18,22,23,29,44,12
"946",NA,107,"2004.12.18",2,6679927800,35,"63,618,360원",1,4,5,6,9,31,17
"947",NA,106,"2004.12.11",16,810461157,40,"54,030,744원",4,10,12,22,24,33,29
"948",NA,105,"2004.12.04",4,3416781450,26,"87,609,781원",8,10,20,34,41,45,28
"949",NA,104,"2004.11.27",2,6610743750,23,"95,807,881원",17,32,33,34,42,44,35
"950",NA,103,"2004.11.20",8,1691589563,38,"59,354,020원",5,14,15,27,30,45,10
"951",NA,102,"2004.11.13",9,1457153067,24,"91,072,067원",17,22,24,26,35,40,42
"952",NA,101,"2004.11.06",5,2707297500,38,"59,370,560원",1,3,17,32,35,45,8
"953",NA,100,"2004.10.30",4,3315315525,36,"61,394,732원",1,7,11,23,37,42,6
"954",NA,99,"2004.10.23",6,2169219050,40,"54,230,477원",1,3,10,27,29,37,11
"955",NA,98,"2004.10.16",4,3177972300,45,"47,081,072원",6,9,16,23,24,32,43
"956",NA,97,"2004.10.09",9,1496214000,46,"48,789,587원",6,7,14,15,20,36,3
"957",NA,96,"2004.10.02",7,1847133515,38,"56,710,240원",1,3,8,21,22,31,20
"958",NA,95,"2004.09.25",8,1747741238,48,"48,548,368원",8,17,27,31,34,43,14
"959",NA,94,"2004.09.18",6,2245339950,38,"59,087,894원",5,32,34,40,41,45,6
"960",NA,93,"2004.09.11",6,2269178150,26,"87,276,083원",6,22,24,36,38,44,19
"961",NA,92,"2004.09.04",11,1233270846,50,"45,219,931원",3,14,24,33,35,36,17
"962",NA,91,"2004.08.28",4,3582902400,32,"74,643,800원",1,21,24,26,29,42,27
"963",NA,90,"2004.08.21",4,3291435300,34,"64,537,948원",17,20,29,35,38,44,10
"964",NA,89,"2004.08.14",3,4248321900,30,"70,805,365원",4,26,28,29,33,40,37
"965",NA,88,"2004.08.07",4,3069709650,31,"66,015,262원",1,17,20,24,30,41,27
"966",NA,87,"2004.07.31",11,1799358055,33,"99,964,337원",4,12,16,23,34,43,26
"967",NA,86,"2004.07.24",1,14252186400,16,"148,460,275원",2,12,37,39,41,45,33
"968",NA,85,"2004.07.17",4,3462109800,31,"74,453,975원",6,8,13,23,31,36,21
"969",NA,84,"2004.07.10",2,7669779000,17,"150,387,824원",16,23,27,34,42,45,11
"970",NA,83,"2004.07.03",2,7086948300,15,"157,487,740원",6,10,15,17,19,34,14
"971",NA,82,"2004.06.26",1,14562494400,20,"121,354,120원",1,2,3,14,27,42,39
"972",NA,81,"2004.06.19",5,2714288880,20,"113,095,370원",5,7,11,13,20,33,6
"973",NA,80,"2004.06.12",1,13809540000,16,"143,849,375원",17,18,24,25,26,30,1
"974",NA,79,"2004.06.05",4,3416443800,31,"73,471,910원",3,12,24,27,30,32,14
"975",NA,78,"2004.05.29",4,3519850000,22,"106,662,100원",10,13,25,29,33,35,38
"976",NA,77,"2004.05.22",3,5155758600,19,"135,677,800원",2,18,29,32,43,44,37
"977",NA,76,"2004.05.15",2,7451022600,17,"146,098,400원",1,3,15,22,25,37,43
"978",NA,75,"2004.05.08",4,3914616900,19,"137,354,900원",2,5,24,32,34,44,28
"979",NA,74,"2004.05.01",3,5284949800,40,"66,061,800원",6,15,17,18,35,40,23
"980",NA,73,"2004.04.24",6,2766662100,26,"106,410,000원",3,12,18,32,40,43,38
"981",NA,72,"2004.04.17",13,3260524600,44,"104,081,800원",2,4,11,17,26,27,1
"982",NA,71,"2004.04.10",0,0,28,"88,745,200원",5,9,12,16,29,41,21
"983",NA,70,"2004.04.03",3,5031277800,14,"179,688,400원",5,19,22,25,28,43,26
"984",NA,69,"2004.03.27",3,4962712200,20,"124,067,800원",5,8,14,15,19,39,35
"985",NA,68,"2004.03.20",5,2945882100,20,"122,745,000원",10,12,15,16,26,39,38
"986",NA,67,"2004.03.13",7,2114436500,62,"39,787,700원",3,7,10,15,36,38,33
"987",NA,66,"2004.03.06",4,3685138200,19,"129,303,000원",2,3,7,17,22,24,45
"988",NA,65,"2004.02.28",4,3727945800,27,"92,048,000원",4,25,33,36,40,43,39
"989",NA,64,"2004.02.21",4,3899818000,11,"236,352,600원",14,15,18,21,26,36,39
"990",NA,63,"2004.02.14",2,7922245500,26,"101,567,200원",3,20,23,36,38,40,5
"991",NA,62,"2004.02.07",1,15817286400,22,"119,827,900원",3,8,15,27,29,35,21
"992",NA,61,"2004.01.31",5,3541038800,11,"268,260,500원",14,15,19,30,38,43,8
"993",NA,60,"2004.01.24",7,2172504600,27,"93,873,600원",2,8,25,36,39,42,11
"994",NA,59,"2004.01.17",4,4127587300,23,"119,640,200원",6,29,36,39,41,45,13
"995",NA,58,"2004.01.10",4,3676429200,39,"62,844,900원",10,24,25,33,40,44,1
"996",NA,57,"2004.01.03",4,4114411900,25,"109,717,600원",7,10,16,25,29,44,6
"997",2003,56,"2003.12.27",4,3777570900,29,"86,840,700원",10,14,30,31,33,37,19
"998",NA,55,"2003.12.20",2,7088799600,24,"98,455,500원",17,21,31,37,40,44,7
"999",NA,54,"2003.12.13",3,5148626600,15,"171,620,800원",1,8,21,27,36,39,37
"1000",NA,53,"2003.12.06",3,5014371000,25,"100,287,400원",7,8,14,32,33,39,42
"1001",NA,52,"2003.11.29",4,3900844900,13,"200,043,300원",2,4,15,16,20,29,1
"1002",NA,51,"2003.11.22",6,2421117000,26,"93,119,800원",2,3,11,16,26,44,35
"1003",NA,50,"2003.11.15",3,5227061400,14,"186,680,700원",2,10,12,15,22,44,1
"1004",NA,49,"2003.11.08",7,1967504600,49,"46,845,300원",4,7,16,19,33,40,30
"1005",NA,48,"2003.11.01",6,2415673600,25,"96,626,900원",6,10,18,26,37,38,3
"1006",NA,47,"2003.10.25",5,3250042400,11,"246,215,300원",14,17,26,31,36,45,27
"1007",NA,46,"2003.10.18",3,5327758800,39,"68,304,600원",8,13,15,23,31,38,39
"1008",NA,45,"2003.10.11",2,8356417800,27,"103,165,600원",1,10,20,27,33,35,17
"1009",NA,44,"2003.10.04",5,3362155800,23,"121,817,200원",3,11,21,30,38,45,39
"1010",NA,43,"2003.09.27",1,17749630800,21,"140,870,000원",6,31,35,38,39,44,1
"1011",NA,42,"2003.09.20",6,6899280100,35,"131,479,800원",17,18,19,21,23,32,1
"1012",NA,41,"2003.09.13",0,0,21,"109,404,000원",13,20,23,35,38,43,34
"1013",NA,40,"2003.09.06",13,1147652400,44,"56,513,100원",7,13,18,19,25,26,6
"1014",NA,39,"2003.08.30",6,2623748800,25,"104,949,900원",6,7,13,15,21,43,8
"1015",NA,38,"2003.08.23",3,5374866400,18,"149,301,800원",16,17,22,30,37,43,36
"1016",NA,37,"2003.08.16",3,4985999400,20,"124,649,900원",7,27,30,33,35,37,42
"1017",NA,36,"2003.08.09",1,16014475800,19,"140,477,800원",1,10,23,26,28,40,31
"1018",NA,35,"2003.08.02",3,5054598200,24,"105,304,100원",2,3,11,26,37,43,39
"1019",NA,34,"2003.07.26",5,3056918000,45,"56,609,500원",9,26,35,37,40,42,2
"1020",NA,33,"2003.07.19",1,14903517600,41,"60,583,400원",4,7,32,33,40,41,9
"1021",NA,32,"2003.07.12",10,1634528300,49,"55,596,200원",6,14,19,25,34,44,11
"1022",NA,31,"2003.07.05",2,8106672900,29,"93,180,100원",7,9,18,23,28,35,32
"1023",NA,30,"2003.06.28",2,8728555500,22,"132,250,800원",8,17,20,35,36,44,4
"1024",NA,29,"2003.06.21",5,3552594000,17,"174,146,700원",1,5,13,34,39,40,11
"1025",NA,28,"2003.06.14",10,1700361100,22,"128,815,200원",9,18,23,25,35,37,1
"1026",NA,27,"2003.06.07",2,9543982500,16,"198,832,900원",1,20,26,28,37,43,27
"1027",NA,26,"2003.05.31",5,3495069900,39,"74,680,900원",4,5,7,18,20,25,31
"1028",NA,25,"2003.05.24",2,24227745300,28,"175,267,400원",2,4,21,26,43,44,16
"1029",NA,24,"2003.05.17",0,0,18,"176,023,700원",7,8,27,29,36,43,6
"1030",NA,23,"2003.05.10",4,4317947700,23,"125,157,900원",5,13,17,18,33,42,44
"1031",NA,22,"2003.05.03",4,4552194900,32,"94,837,300원",4,5,6,8,17,39,25
"1032",NA,21,"2003.04.26",23,797475400,26,"117,576,500원",6,12,17,18,31,32,21
"1033",NA,20,"2003.04.19",1,19352212800,14,"230,383,400원",10,14,18,20,23,30,41
"1034",NA,19,"2003.04.12",1,40722959400,14,"297,278,500원",6,30,38,39,40,43,26
"1035",NA,18,"2003.04.05",0,0,15,"175,017,300원",3,12,13,19,32,35,29
"1036",NA,17,"2003.03.29",3,5349491200,9,"297,193,900원",3,4,9,17,32,37,1
"1037",NA,16,"2003.03.22",4,4377146100,12,"243,174,700원",6,7,24,37,38,40,33
"1038",NA,15,"2003.03.15",1,17014245000,16,"177,231,700원",3,4,16,30,31,37,13
"1039",NA,14,"2003.03.08",4,9375048300,28,"130,363,400원",2,6,12,31,33,40,15
"1040",NA,13,"2003.03.01",0,0,6,"433,309,300원",22,23,25,37,38,42,26
"1041",NA,12,"2003.02.22",12,1348845700,27,"99,914,400원",2,11,21,25,39,45,44
"1042",NA,11,"2003.02.15",5,4780152300,11,"362,132,700원",1,7,36,37,41,42,14
"1043",NA,10,"2003.02.08",13,6430437900,236,"40,813,400원",9,25,30,33,41,44,6
"1044",NA,9,"2003.02.01",0,0,4,"769,456,500원",2,4,16,17,36,39,14
"1045",NA,8,"2003.01.25",0,0,6,"131,555,000원",8,19,25,34,37,39,9
"1046",NA,7,"2003.01.18",0,0,9,"48,165,000원",2,9,16,25,26,40,42
"1047",NA,6,"2003.01.11",1,6574451700,3,"196,297,600원",14,15,26,27,40,42,34
"1048",NA,5,"2003.01.04",0,0,0,"0원",16,24,29,40,41,42,3
"1049",2002,4,"2002.12.28",0,0,1,"211,191,200원",14,27,30,31,40,42,2
"1050",NA,3,"2002.12.21",1,2e+09,0,"0원",11,16,19,21,27,31,30
"1051",NA,2,"2002.12.14",1,2002006800,2,"94,866,800원",9,13,21,25,32,42,2
"1052",NA,1,"2002.12.07",0,0,1,"143,934,100원",10,23,29,33,37,40,16
